Year,Quarter,Product Model,Price Tier,5G Capability,Units Sold,Revenue ($),Market Share (%),Regional 5G Coverage (%),5G Subscribers (millions),Avg 5G Speed (Mbps),Preference for 5G (%),Region,Data Type,ASP,Period,Quarter_Index
2019,Q1,Galaxy S10,Mid,No,18283.0,7716132.25,14.3,14.83,4.86,64.57,45.65,Asia-Pacific,Actual,422.04,2019-Q1,0
2019,Q1,Galaxy S10,Mid,No,15227.0,6864006.11,20.97,11.33,2.46,55.94,40.99,Europe,Actual,450.78,2019-Q1,0
2019,Q1,Galaxy S10,Mid,No,17090.0,7312634.26,23.86,8.08,1.57,38.37,33.58,Latin America,Actual,427.89,2019-Q1,0
2019,Q1,Galaxy S10,Mid,No,15647.0,6842017.57,22.64,5.65,0.99,40.56,31.4,Middle East & Africa,Actual,437.27,2019-Q1,0
2019,Q1,Galaxy S10,Mid,No,15466.0,5874313.36,21.46,19.44,3.72,68.61,50.54,North America,Actual,379.82,2019-Q1,0
2019,Q2,Galaxy S10,Mid,No,30985.0,13125206.77,13.33,18.15,6.82,64.52,44.64,Asia-Pacific,Actual,423.6,2019-Q2,1
2019,Q2,Galaxy S10,Mid,No,28717.0,12622754.99,21.0,14.99,5.48,60.47,43.11,Europe,Actual,439.56,2019-Q2,1
2019,Q2,Galaxy S10,Mid,No,29079.0,11537586.59,23.55,9.93,2.31,48.93,36.63,Latin America,Actual,396.77,2019-Q2,1
2019,Q2,Galaxy S10,Mid,No,26448.0,11161998.15,22.33,9.08,2.5,40.28,34.56,Middle East & Africa,Actual,422.04,2019-Q2,1
2019,Q2,Galaxy S10,Mid,No,25889.0,11060194.61,20.99,22.34,5.32,75.84,49.92,North America,Actual,427.22,2019-Q2,1
2019,Q3,Galaxy Note10,Premium,No,9244.0,9184824.0,13.92,20.23,8.64,82.3,47.55,Asia-Pacific,Actual,993.6,2019-Q3,2
2019,Q3,Galaxy S10,Mid,No,34652.0,14617183.46,14.34,22.65,6.83,81.69,48.16,Asia-Pacific,Actual,421.83,2019-Q3,2
2019,Q3,Galaxy Note10,Premium,No,12173.0,10842859.93,22.58,16.09,5.19,60.28,45.92,Europe,Actual,890.73,2019-Q3,2
2019,Q3,Galaxy S10,Mid,No,30858.0,13023268.0,21.63,16.6,5.48,70.99,45.92,Europe,Actual,422.04,2019-Q3,2
2019,Q3,Galaxy Note10,Premium,No,6079.0,6110916.44,25.08,10.88,4.56,52.39,37.16,Latin America,Actual,1005.25,2019-Q3,2
2019,Q3,Galaxy S10,Mid,No,33719.0,14230676.35,24.68,11.76,2.82,50.82,37.27,Latin America,Actual,422.04,2019-Q3,2
2019,Q3,Galaxy Note10,Premium,No,7924.0,7382771.82,23.11,9.02,2.44,44.74,34.86,Middle East & Africa,Actual,931.7,2019-Q3,2
2019,Q3,Galaxy S10,Mid,No,28115.0,11865616.04,23.1,9.92,2.59,44.74,32.98,Middle East & Africa,Actual,422.04,2019-Q3,2
2019,Q3,Galaxy Note10,Premium,No,12849.0,12477425.2,22.39,26.64,7.96,84.55,51.28,North America,Actual,971.08,2019-Q3,2
2019,Q3,Galaxy S10,Mid,No,29582.0,12102479.14,20.94,25.51,7.41,85.34,50.81,North America,Actual,409.12,2019-Q3,2
2019,Q4,Galaxy Note10,Premium,No,13874.0,13080271.35,14.25,24.49,11.38,81.79,51.39,Asia-Pacific,Actual,942.79,2019-Q4,3
2019,Q4,Galaxy S10,Mid,No,22135.0,9284375.42,14.42,25.96,10.06,86.27,49.97,Asia-Pacific,Actual,419.44,2019-Q4,3
2019,Q4,Galaxy Note10,Premium,No,20507.0,18674140.47,22.39,18.97,7.69,78.42,47.4,Europe,Actual,910.62,2019-Q4,3
2019,Q4,Galaxy S10,Mid,No,24200.0,11277189.55,22.63,20.75,6.36,81.71,45.59,Europe,Actual,466.0,2019-Q4,3
2019,Q4,Galaxy Note10,Premium,No,11671.0,10759499.09,23.56,15.8,4.87,57.94,39.51,Latin America,Actual,921.9,2019-Q4,3
2019,Q4,Galaxy S10,Mid,No,25692.0,10217493.15,23.56,14.22,3.87,56.49,39.0,Latin America,Actual,397.69,2019-Q4,3
2019,Q4,Galaxy Note10,Premium,No,13211.0,13369667.32,23.48,12.06,4.2,54.8,35.38,Middle East & Africa,Actual,1012.01,2019-Q4,3
2019,Q4,Galaxy S10,Mid,No,24568.0,9683522.63,23.43,11.2,3.51,49.15,37.15,Middle East & Africa,Actual,394.15,2019-Q4,3
2019,Q4,Galaxy Note10,Premium,No,20543.0,20344885.35,21.53,28.44,8.5,93.38,53.58,North America,Actual,990.36,2019-Q4,3
2019,Q4,Galaxy S10,Mid,No,19209.0,8528782.15,21.22,31.06,8.78,94.9,54.01,North America,Actual,444.0,2019-Q4,3
2020,Q1,Galaxy Note10,Premium,No,17994.0,17602989.64,14.25,27.42,11.72,94.97,51.09,Asia-Pacific,Actual,978.27,2020-Q1,4
2020,Q1,Galaxy S10,Mid,No,14766.0,5818158.9,14.38,28.17,11.96,94.55,49.79,Asia-Pacific,Actual,394.02,2020-Q1,4
2020,Q1,Galaxy S20,Flagship,No,12758.0,10150494.17,14.52,26.91,12.41,99.0,52.38,Asia-Pacific,Actual,795.62,2020-Q1,4
2020,Q1,Galaxy Note10,Premium,No,23335.0,22005249.76,22.62,22.39,8.19,85.23,47.1,Europe,Actual,943.01,2020-Q1,4
2020,Q1,Galaxy S10,Mid,No,13312.0,5318565.79,22.42,21.54,7.89,86.42,49.87,Europe,Actual,399.53,2020-Q1,4
2020,Q1,Galaxy S20,Flagship,No,15039.0,14465656.74,21.4,21.29,9.23,82.07,46.65,Europe,Actual,961.88,2020-Q1,4
2020,Q1,Galaxy Note10,Premium,No,12118.0,11653103.98,23.7,16.81,5.41,62.31,40.61,Latin America,Actual,961.64,2020-Q1,4
2020,Q1,Galaxy S10,Mid,No,14805.0,6807822.42,24.67,18.59,6.15,66.89,39.38,Latin America,Actual,459.83,2020-Q1,4
2020,Q1,Galaxy S20,Flagship,No,10339.0,9913070.35,24.5,17.42,5.55,66.1,39.34,Latin America,Actual,958.8,2020-Q1,4
2020,Q1,Galaxy Note10,Premium,No,13202.0,12408048.36,22.9,13.83,3.76,52.66,36.0,Middle East & Africa,Actual,939.86,2020-Q1,4
2020,Q1,Galaxy S10,Mid,No,13031.0,5548736.71,23.05,13.5,4.55,54.55,35.91,Middle East & Africa,Actual,425.81,2020-Q1,4
2020,Q1,Galaxy S20,Flagship,No,11202.0,10384579.57,23.14,15.78,5.66,56.9,36.1,Middle East & Africa,Actual,927.03,2020-Q1,4
2020,Q1,Galaxy Note10,Premium,No,25151.0,24639068.78,20.75,33.31,11.09,98.36,54.59,North America,Actual,979.65,2020-Q1,4
2020,Q1,Galaxy S10,Mid,No,10909.0,4634986.77,20.45,31.43,10.61,99.09,55.9,North America,Actual,424.88,2020-Q1,4
2020,Q1,Galaxy S20,Flagship,No,18032.0,14858557.22,20.87,30.83,10.51,99.82,56.12,North America,Actual,824.01,2020-Q1,4
2020,Q2,Galaxy Note10,Premium,No,12968.0,12308196.28,14.49,31.27,13.49,102.02,53.86,Asia-Pacific,Actual,949.12,2020-Q2,5
2020,Q2,Galaxy S10,Mid,No,5614.0,2256826.27,14.8,29.52,15.13,101.71,54.45,Asia-Pacific,Actual,402.0,2020-Q2,5
2020,Q2,Galaxy S20,Flagship,No,20661.0,16923356.3,14.72,28.83,13.87,105.42,53.63,Asia-Pacific,Actual,819.1,2020-Q2,5
2020,Q2,Galaxy Note10,Premium,No,16124.0,15336572.1,22.71,24.52,10.06,92.54,49.72,Europe,Actual,951.16,2020-Q2,5
2020,Q2,Galaxy S10,Mid,No,4949.0,2118625.65,21.39,24.46,9.25,93.14,50.36,Europe,Actual,428.09,2020-Q2,5
2020,Q2,Galaxy S20,Flagship,No,22565.0,19592259.24,22.64,26.3,9.96,93.88,50.33,Europe,Actual,868.26,2020-Q2,5
2020,Q2,Galaxy Note10,Premium,No,9865.0,9457661.77,24.55,21.24,6.54,76.46,40.89,Latin America,Actual,958.71,2020-Q2,5
2020,Q2,Galaxy S10,Mid,No,5589.0,2474496.64,23.72,19.68,7.21,66.57,41.56,Latin America,Actual,442.74,2020-Q2,5
2020,Q2,Galaxy S20,Flagship,No,16481.0,14242729.09,24.37,19.83,7.63,66.76,40.22,Latin America,Actual,864.19,2020-Q2,5
2020,Q2,Galaxy Note10,Premium,No,10448.0,9548857.64,24.56,15.53,4.23,60.7,38.0,Middle East & Africa,Actual,913.94,2020-Q2,5
2020,Q2,Galaxy S10,Mid,No,5066.0,2537596.69,23.88,14.85,5.81,64.05,37.06,Middle East & Africa,Actual,500.91,2020-Q2,5
2020,Q2,Galaxy S20,Flagship,No,17969.0,14941832.83,23.27,16.54,5.56,60.95,38.94,Middle East & Africa,Actual,831.53,2020-Q2,5
2020,Q2,Galaxy Note10,Premium,No,18454.0,17883426.44,21.13,33.89,12.92,111.56,56.17,North America,Actual,969.08,2020-Q2,5
2020,Q2,Galaxy S10,Mid,No,4378.0,1760907.48,20.66,34.08,12.28,112.14,56.78,North America,Actual,402.22,2020-Q2,5
2020,Q2,Galaxy S20,Flagship,No,30980.0,27136927.72,21.15,33.41,11.2,110.53,57.62,North America,Actual,875.95,2020-Q2,5
2020,Q3,Galaxy Note10,Premium,No,7156.0,6965408.25,14.45,32.81,14.85,113.85,56.48,Asia-Pacific,Actual,973.37,2020-Q3,6
2020,Q3,Galaxy Note20,Premium,No,9316.0,9515468.78,14.83,32.91,15.2,110.86,53.63,Asia-Pacific,Actual,1021.41,2020-Q3,6
2020,Q3,Galaxy S10,Mid,No,1526.0,616154.04,14.7,33.76,15.01,112.95,55.55,Asia-Pacific,Actual,403.77,2020-Q3,6
2020,Q3,Galaxy S20,Flagship,No,25478.0,21180152.61,14.17,32.67,14.66,114.77,54.12,Asia-Pacific,Actual,831.31,2020-Q3,6
2020,Q3,Galaxy Z Fold2 5G,Premium Foldable,Yes,6312.0,9874664.44,14.36,34.18,16.11,108.42,54.68,Asia-Pacific,Actual,1564.43,2020-Q3,6
2020,Q3,Galaxy Note10,Premium,No,9039.0,8854472.18,23.1,25.69,11.43,100.02,50.4,Europe,Actual,979.59,2020-Q3,6
2020,Q3,Galaxy Note20,Premium,No,12888.0,13100257.41,21.76,27.26,11.06,101.92,52.8,Europe,Actual,1016.47,2020-Q3,6
2020,Q3,Galaxy S10,Mid,No,1380.0,558433.98,22.08,28.91,10.97,96.77,51.06,Europe,Actual,404.66,2020-Q3,6
2020,Q3,Galaxy S20,Flagship,No,27512.0,23776266.94,23.0,26.98,11.18,106.9,52.41,Europe,Actual,864.21,2020-Q3,6
2020,Q3,Galaxy Z Fold2 5G,Premium Foldable,Yes,4297.0,7185927.62,21.97,27.02,11.43,97.41,50.41,Europe,Actual,1672.31,2020-Q3,6
2020,Q3,Galaxy Note10,Premium,No,4690.0,4113737.72,23.66,21.63,8.53,77.54,42.92,Latin America,Actual,877.13,2020-Q3,6
2020,Q3,Galaxy Note20,Premium,No,7182.0,7039585.68,24.85,21.87,8.34,78.09,42.15,Latin America,Actual,980.17,2020-Q3,6
2020,Q3,Galaxy S10,Mid,No,1244.0,527350.93,24.43,21.85,8.48,82.43,42.15,Latin America,Actual,423.92,2020-Q3,6
2020,Q3,Galaxy S20,Flagship,No,16909.0,13651041.81,25.25,21.17,7.29,75.15,42.38,Latin America,Actual,807.32,2020-Q3,6
2020,Q3,Galaxy Z Fold2 5G,Premium Foldable,Yes,2098.0,3292499.85,24.27,21.51,8.55,77.82,41.89,Latin America,Actual,1569.35,2020-Q3,6
2020,Q3,Galaxy Note10,Premium,No,6429.0,6128168.63,24.07,19.0,6.47,72.65,38.45,Middle East & Africa,Actual,953.21,2020-Q3,6
2020,Q3,Galaxy Note20,Premium,No,7505.0,7748599.4,23.93,17.96,7.65,71.14,40.52,Middle East & Africa,Actual,1032.46,2020-Q3,6
2020,Q3,Galaxy S10,Mid,No,1397.0,551526.9,22.9,18.78,6.7,67.66,38.41,Middle East & Africa,Actual,394.79,2020-Q3,6
2020,Q3,Galaxy S20,Flagship,No,22076.0,18563829.25,22.84,18.56,5.8,72.65,39.43,Middle East & Africa,Actual,840.91,2020-Q3,6
2020,Q3,Galaxy Z Fold2 5G,Premium Foldable,Yes,2636.0,4183414.03,23.36,19.5,6.0,69.63,37.53,Middle East & Africa,Actual,1587.03,2020-Q3,6
2020,Q3,Galaxy Note10,Premium,No,11147.0,10529003.16,20.57,38.4,12.57,116.59,59.58,North America,Actual,944.56,2020-Q3,6
2020,Q3,Galaxy Note20,Premium,No,13284.0,12189474.76,21.89,35.93,12.37,118.63,58.43,North America,Actual,917.61,2020-Q3,6
2020,Q3,Galaxy S10,Mid,No,1243.0,479963.28,21.22,35.62,12.48,124.94,58.48,North America,Actual,386.13,2020-Q3,6
2020,Q3,Galaxy S20,Flagship,No,35651.0,30428024.03,22.23,36.44,13.76,113.54,59.43,North America,Actual,853.5,2020-Q3,6
2020,Q3,Galaxy Z Fold2 5G,Premium Foldable,Yes,5030.0,8533118.16,21.25,35.15,14.75,120.78,57.02,North America,Actual,1696.44,2020-Q3,6
2020,Q4,Galaxy Note10,Premium,No,3214.0,2905989.96,15.66,37.41,17.29,122.41,55.95,Asia-Pacific,Actual,904.17,2020-Q4,7
2020,Q4,Galaxy Note20,Premium,No,16658.0,15371157.0,14.54,34.52,17.15,118.54,55.72,Asia-Pacific,Actual,922.75,2020-Q4,7
2020,Q4,Galaxy S20,Flagship,No,20840.0,17970116.67,14.39,34.52,17.0,120.65,55.08,Asia-Pacific,Actual,862.29,2020-Q4,7
2020,Q4,Galaxy Z Fold2 5G,Premium Foldable,Yes,10073.0,15239689.44,13.34,33.35,16.36,120.28,56.25,Asia-Pacific,Actual,1512.92,2020-Q4,7
2020,Q4,Galaxy Note10,Premium,No,3571.0,3457596.14,23.32,30.29,11.78,103.36,54.13,Europe,Actual,968.24,2020-Q4,7
2020,Q4,Galaxy Note20,Premium,No,18977.0,19446953.47,21.81,29.89,13.19,108.7,50.83,Europe,Actual,1024.76,2020-Q4,7
2020,Q4,Galaxy S20,Flagship,No,23142.0,19870281.89,23.27,29.52,12.47,108.91,51.67,Europe,Actual,858.62,2020-Q4,7
2020,Q4,Galaxy Z Fold2 5G,Premium Foldable,Yes,5980.0,9473851.73,22.07,31.2,13.66,109.09,51.37,Europe,Actual,1584.26,2020-Q4,7
2020,Q4,Galaxy Note10,Premium,No,2006.0,1816143.55,24.33,21.62,9.6,78.09,44.01,Latin America,Actual,905.36,2020-Q4,7
2020,Q4,Galaxy Note20,Premium,No,10369.0,10381829.97,23.61,22.34,10.21,85.14,44.47,Latin America,Actual,1001.24,2020-Q4,7
2020,Q4,Galaxy S20,Flagship,No,14384.0,12430860.12,23.44,25.96,8.97,80.16,45.9,Latin America,Actual,864.21,2020-Q4,7
2020,Q4,Galaxy Z Fold2 5G,Premium Foldable,Yes,3179.0,5551621.28,24.7,23.86,9.25,80.19,44.47,Latin America,Actual,1746.34,2020-Q4,7
2020,Q4,Galaxy Note10,Premium,No,2362.0,2184407.75,23.04,19.43,6.71,76.37,40.34,Middle East & Africa,Actual,924.81,2020-Q4,7
2020,Q4,Galaxy Note20,Premium,No,13791.0,14005509.89,23.33,20.49,6.35,75.46,41.28,Middle East & Africa,Actual,1015.55,2020-Q4,7
2020,Q4,Galaxy S20,Flagship,No,15292.0,12976670.45,23.75,23.11,6.47,71.11,40.22,Middle East & Africa,Actual,848.59,2020-Q4,7
2020,Q4,Galaxy Z Fold2 5G,Premium Foldable,Yes,4128.0,6667829.53,23.5,21.11,7.04,72.04,39.99,Middle East & Africa,Actual,1615.27,2020-Q4,7
2020,Q4,Galaxy Note10,Premium,No,76760.0,3776911.54,21.83,40.17,14.87,126.14,58.04,North America,Actual,49.2,2020-Q4,7
2020,Q4,Galaxy Note20,Premium,No,21607.0,21156323.43,21.41,41.47,15.22,127.31,61.53,North America,Actual,979.14,2020-Q4,7
2020,Q4,Galaxy S20,Flagship,No,25021.0,22532241.26,22.89,40.17,14.87,124.13,59.27,North America,Actual,900.53,2020-Q4,7
2020,Q4,Galaxy Z Fold2 5G,Premium Foldable,Yes,8600.0,14903964.75,21.38,37.45,14.68,126.14,59.15,North America,Actual,1733.02,2020-Q4,7
2021,Q1,Galaxy A32 5G,Budget,Yes,32150.0,7030226.69,15.2,37.47,18.13,128.04,57.67,Asia-Pacific,Actual,218.67,2021-Q1,8
2021,Q1,Galaxy A52 5G,Mid,Yes,20375.0,8498689.22,12.86,39.01,18.91,122.51,57.15,Asia-Pacific,Actual,417.11,2021-Q1,8
2021,Q1,Galaxy Note10,Premium,No,899.0,855555.84,14.0,38.07,17.88,126.34,56.76,Asia-Pacific,Actual,951.68,2021-Q1,8
2021,Q1,Galaxy Note20,Premium,No,17032.0,16518355.87,14.1,38.67,18.27,128.78,58.29,Asia-Pacific,Actual,969.84,2021-Q1,8
2021,Q1,Galaxy S20,Flagship,No,12981.0,10740973.68,15.56,37.58,19.31,127.95,58.02,Asia-Pacific,Actual,827.44,2021-Q1,8
2021,Q1,Galaxy S21,Flagship,No,14073.0,11142767.41,14.4,38.25,19.93,130.89,57.65,Asia-Pacific,Actual,791.78,2021-Q1,8
2021,Q1,Galaxy Z Fold2 5G,Premium Foldable,Yes,10417.0,15436480.68,14.65,40.69,19.32,127.02,58.67,Asia-Pacific,Actual,1481.85,2021-Q1,8
2021,Q1,Galaxy A32 5G,Budget,Yes,20598.0,4406521.09,22.61,33.92,13.28,109.72,52.58,Europe,Actual,213.93,2021-Q1,8
2021,Q1,Galaxy A52 5G,Mid,Yes,17550.0,7387069.68,22.33,31.79,14.27,114.47,56.17,Europe,Actual,420.92,2021-Q1,8
2021,Q1,Galaxy Note10,Premium,No,1077.0,1010409.94,22.13,32.47,15.02,110.45,51.7,Europe,Actual,938.17,2021-Q1,8
2021,Q1,Galaxy Note20,Premium,No,22374.0,21205434.45,22.26,31.46,13.92,118.48,52.71,Europe,Actual,947.77,2021-Q1,8
2021,Q1,Galaxy S20,Flagship,No,13307.0,11677826.26,23.15,32.07,14.9,118.2,54.51,Europe,Actual,877.57,2021-Q1,8
2021,Q1,Galaxy S21,Flagship,No,15377.0,12270577.5,23.46,32.35,13.59,113.25,53.8,Europe,Actual,797.98,2021-Q1,8
2021,Q1,Galaxy Z Fold2 5G,Premium Foldable,Yes,8686.0,14574464.83,22.98,30.15,13.31,117.31,54.24,Europe,Actual,1677.93,2021-Q1,8
2021,Q1,Galaxy A32 5G,Budget,Yes,37900.0,8841767.88,25.93,25.72,11.5,85.77,45.58,Latin America,Actual,233.29,2021-Q1,8
2021,Q1,Galaxy A52 5G,Mid,Yes,17792.0,7458801.87,25.42,25.65,9.51,85.77,45.59,Latin America,Actual,419.22,2021-Q1,8
2021,Q1,Galaxy Note10,Premium,No,491.0,428983.66,24.75,26.77,10.22,91.36,48.48,Latin America,Actual,873.69,2021-Q1,8
2021,Q1,Galaxy Note20,Premium,No,10616.0,9869318.65,24.69,26.49,10.0,85.77,44.12,Latin America,Actual,929.66,2021-Q1,8
2021,Q1,Galaxy S20,Flagship,No,7508.0,6390972.19,24.3,26.58,10.52,85.55,46.61,Latin America,Actual,851.22,2021-Q1,8
2021,Q1,Galaxy S21,Flagship,No,10849.0,8302373.39,24.42,25.48,10.5,83.33,45.63,Latin America,Actual,765.27,2021-Q1,8
2021,Q1,Galaxy Z Fold2 5G,Premium Foldable,Yes,3459.0,5464832.04,24.15,27.16,10.45,88.55,47.67,Latin America,Actual,1579.89,2021-Q1,8
2021,Q1,Galaxy A32 5G,Budget,Yes,35478.0,7738744.09,24.01,23.51,7.71,77.35,42.38,Middle East & Africa,Actual,218.13,2021-Q1,8
2021,Q1,Galaxy A52 5G,Mid,Yes,17797.0,7505550.79,23.14,21.97,7.3,78.75,40.19,Middle East & Africa,Actual,421.73,2021-Q1,8
2021,Q1,Galaxy Note10,Premium,No,687.0,681420.11,23.52,21.89,7.55,77.06,40.18,Middle East & Africa,Actual,991.88,2021-Q1,8
2021,Q1,Galaxy Note20,Premium,No,15921.0,15413787.73,24.3,23.82,8.01,77.95,41.25,Middle East & Africa,Actual,968.14,2021-Q1,8
2021,Q1,Galaxy S20,Flagship,No,9223.0,8687497.18,24.17,23.03,8.65,74.92,41.65,Middle East & Africa,Actual,941.94,2021-Q1,8
2021,Q1,Galaxy S21,Flagship,No,11138.0,9424288.91,23.62,24.27,8.45,84.02,40.39,Middle East & Africa,Actual,846.14,2021-Q1,8
2021,Q1,Galaxy Z Fold2 5G,Premium Foldable,Yes,4572.0,7935149.69,23.9,21.77,8.49,77.57,41.67,Middle East & Africa,Actual,1735.6,2021-Q1,8
2021,Q1,Galaxy A32 5G,Budget,Yes,15910.0,3430259.67,21.73,40.54,16.58,136.17,60.76,North America,Actual,215.6,2021-Q1,8
2021,Q1,Galaxy A52 5G,Mid,Yes,15288.0,5906652.08,22.05,43.53,17.25,138.92,62.51,North America,Actual,386.36,2021-Q1,8
2021,Q1,Galaxy Note10,Premium,No,1110.0,1026529.33,21.06,41.86,17.17,133.34,61.09,North America,Actual,924.8,2021-Q1,8
2021,Q1,Galaxy Note20,Premium,No,25746.0,22331143.13,21.31,42.25,15.09,136.32,60.97,North America,Actual,867.36,2021-Q1,8
2021,Q1,Galaxy S20,Flagship,No,13979.0,12233062.46,21.19,42.85,17.15,139.54,61.88,North America,Actual,875.1,2021-Q1,8
2021,Q1,Galaxy S21,Flagship,No,18301.0,15998400.77,21.43,44.7,17.81,138.92,60.4,North America,Actual,874.18,2021-Q1,8
2021,Q1,Galaxy Z Fold2 5G,Premium Foldable,Yes,10055.0,16408997.9,20.88,42.55,17.81,134.06,60.85,North America,Actual,1631.92,2021-Q1,8
2021,Q2,Galaxy A32 5G,Budget,Yes,42916.0,9350098.02,14.27,41.94,21.19,136.77,60.36,Asia-Pacific,Actual,217.87,2021-Q2,9
2021,Q2,Galaxy A52 5G,Mid,Yes,24491.0,10345379.18,13.67,40.73,21.1,137.46,58.65,Asia-Pacific,Actual,422.42,2021-Q2,9
2021,Q2,Galaxy Note20,Premium,No,13877.0,13158614.68,14.8,42.34,20.18,135.72,59.64,Asia-Pacific,Actual,948.23,2021-Q2,9
2021,Q2,Galaxy S20,Flagship,No,4320.0,3783609.8,14.36,41.36,20.24,141.23,59.65,Asia-Pacific,Actual,875.84,2021-Q2,9
2021,Q2,Galaxy S21,Flagship,No,20915.0,17678882.54,14.87,41.36,20.4,133.74,59.94,Asia-Pacific,Actual,845.27,2021-Q2,9
2021,Q2,Galaxy Z Fold2 5G,Premium Foldable,Yes,8811.0,13867821.11,14.23,40.78,20.53,135.17,58.42,Asia-Pacific,Actual,1573.92,2021-Q2,9
2021,Q2,Galaxy A32 5G,Budget,Yes,27956.0,6485127.62,23.65,36.87,15.02,121.82,56.08,Europe,Actual,231.98,2021-Q2,9
2021,Q2,Galaxy A52 5G,Mid,Yes,22393.0,9443827.55,22.55,37.68,14.69,120.37,55.44,Europe,Actual,421.73,2021-Q2,9
2021,Q2,Galaxy Note20,Premium,No,18368.0,16542302.88,22.75,36.6,15.52,128.77,52.6,Europe,Actual,900.6,2021-Q2,9
2021,Q2,Galaxy S20,Flagship,No,4640.0,3834514.65,23.26,33.57,16.54,123.63,54.94,Europe,Actual,826.4,2021-Q2,9
2021,Q2,Galaxy S21,Flagship,No,24981.0,21375629.38,23.27,35.57,15.72,123.68,57.82,Europe,Actual,855.68,2021-Q2,9
2021,Q2,Galaxy Z Fold2 5G,Premium Foldable,Yes,7350.0,12205856.49,23.44,36.19,15.52,123.34,55.44,Europe,Actual,1660.66,2021-Q2,9
2021,Q2,Galaxy A32 5G,Budget,Yes,44013.0,9839319.39,25.58,30.55,11.48,90.64,46.21,Latin America,Actual,223.55,2021-Q2,9
2021,Q2,Galaxy A52 5G,Mid,Yes,28481.0,12926290.77,24.61,29.31,11.11,96.69,45.12,Latin America,Actual,453.86,2021-Q2,9
2021,Q2,Galaxy Note20,Premium,No,9439.0,9357147.04,24.82,42.44,11.29,99.74,46.08,Latin America,Actual,991.33,2021-Q2,9
2021,Q2,Galaxy S20,Flagship,No,2754.0,2423809.58,25.58,26.96,11.1,95.32,44.5,Latin America,Actual,880.11,2021-Q2,9
2021,Q2,Galaxy S21,Flagship,No,14160.0,12341709.18,24.36,29.55,10.6,91.64,47.66,Latin America,Actual,871.59,2021-Q2,9
2021,Q2,Galaxy Z Fold2 5G,Premium Foldable,Yes,2881.0,5200974.29,24.52,29.57,10.93,94.67,47.18,Latin America,Actual,1805.27,2021-Q2,9
2021,Q2,Galaxy A32 5G,Budget,Yes,49412.0,9309473.57,23.36,24.34,8.78,86.04,41.21,Middle East & Africa,Actual,188.41,2021-Q2,9
2021,Q2,Galaxy A52 5G,Mid,Yes,25249.0,10648291.95,23.99,24.58,8.67,78.04,41.91,Middle East & Africa,Actual,421.73,2021-Q2,9
2021,Q2,Galaxy Note20,Premium,No,11000.0,10998966.92,23.75,25.08,9.07,91.71,43.16,Middle East & Africa,Actual,999.91,2021-Q2,9
2021,Q2,Galaxy S20,Flagship,No,3366.0,3125270.66,23.6,24.22,9.49,87.12,41.52,Middle East & Africa,Actual,928.48,2021-Q2,9
2021,Q2,Galaxy S21,Flagship,No,19660.0,16779372.52,22.79,22.32,9.1,91.98,43.19,Middle East & Africa,Actual,853.48,2021-Q2,9
2021,Q2,Galaxy Z Fold2 5G,Premium Foldable,Yes,3500.0,6090947.8,24.26,26.81,9.02,81.53,42.29,Middle East & Africa,Actual,1740.27,2021-Q2,9
2021,Q2,Galaxy A32 5G,Budget,Yes,22478.0,4691921.61,21.11,42.06,19.31,141.63,62.52,North America,Actual,208.73,2021-Q2,9
2021,Q2,Galaxy A52 5G,Mid,Yes,22858.0,9639744.15,21.44,43.59,18.21,139.74,62.81,North America,Actual,421.72,2021-Q2,9
2021,Q2,Galaxy Note20,Premium,No,15994.0,15890447.88,21.98,43.59,18.45,141.76,63.33,North America,Actual,993.53,2021-Q2,9
2021,Q2,Galaxy S20,Flagship,No,5560.0,4560561.45,21.65,43.76,17.78,145.22,62.79,North America,Actual,820.24,2021-Q2,9
2021,Q2,Galaxy S21,Flagship,No,27869.0,23313885.55,21.0,43.42,18.77,145.27,63.84,North America,Actual,836.55,2021-Q2,9
2021,Q2,Galaxy Z Fold2 5G,Premium Foldable,Yes,7002.0,10525795.57,22.06,45.93,17.94,147.63,63.01,North America,Actual,1503.26,2021-Q2,9
2021,Q3,Galaxy A32 5G,Budget,Yes,56318.0,11771462.22,14.58,46.13,21.64,143.63,62.66,Asia-Pacific,Actual,209.02,2021-Q3,10
2021,Q3,Galaxy A52 5G,Mid,Yes,33976.0,13491924.62,14.52,44.09,22.1,143.05,60.78,Asia-Pacific,Actual,397.1,2021-Q3,10
2021,Q3,Galaxy Note20,Premium,No,7023.0,6772806.92,15.26,45.42,22.98,141.57,61.64,Asia-Pacific,Actual,964.38,2021-Q3,10
2021,Q3,Galaxy S20,Flagship,No,1123.0,971352.72,13.96,42.17,22.15,144.86,60.31,Asia-Pacific,Actual,864.96,2021-Q3,10
2021,Q3,Galaxy S21,Flagship,No,24609.0,21955209.73,14.54,45.1,22.19,145.8,60.71,Asia-Pacific,Actual,892.16,2021-Q3,10
2021,Q3,Galaxy Z Flip3 5G,Premium Foldable,Yes,7258.0,12210672.79,15.08,45.42,22.64,146.52,61.48,Asia-Pacific,Actual,1682.37,2021-Q3,10
2021,Q3,Galaxy Z Fold2 5G,Premium Foldable,Yes,4051.0,6959259.78,13.58,45.84,21.39,143.72,60.84,Asia-Pacific,Actual,1717.91,2021-Q3,10
2021,Q3,Galaxy Z Fold3 5G,Premium Foldable,Yes,6262.0,10765709.25,14.41,46.15,22.4,146.49,61.23,Asia-Pacific,Actual,1719.21,2021-Q3,10
2021,Q3,Galaxy A32 5G,Budget,Yes,32919.0,7234442.71,22.46,38.44,17.9,127.59,57.91,Europe,Actual,219.76,2021-Q3,10
2021,Q3,Galaxy A52 5G,Mid,Yes,29524.0,12320386.23,22.23,38.43,16.98,130.33,55.86,Europe,Actual,417.3,2021-Q3,10
2021,Q3,Galaxy Note20,Premium,No,9791.0,9163061.4,22.45,39.16,17.36,126.32,57.0,Europe,Actual,935.87,2021-Q3,10
2021,Q3,Galaxy S20,Flagship,No,1248.0,1137183.82,22.87,38.77,17.43,130.59,58.33,Europe,Actual,911.2,2021-Q3,10
2021,Q3,Galaxy S21,Flagship,No,28418.0,22570910.11,22.88,37.97,17.33,134.17,57.82,Europe,Actual,794.25,2021-Q3,10
2021,Q3,Galaxy Z Flip3 5G,Premium Foldable,Yes,4612.0,7689268.61,22.11,39.35,16.8,129.97,57.0,Europe,Actual,1667.23,2021-Q3,10
2021,Q3,Galaxy Z Fold2 5G,Premium Foldable,Yes,3603.0,6494547.58,22.45,38.77,17.36,129.84,54.3,Europe,Actual,1802.54,2021-Q3,10
2021,Q3,Galaxy Z Fold3 5G,Premium Foldable,Yes,4833.0,7857238.76,22.6,38.8,17.42,128.84,55.91,Europe,Actual,1625.75,2021-Q3,10
2021,Q3,Galaxy A32 5G,Budget,Yes,58998.0,13314393.2,24.05,28.09,12.33,102.21,48.88,Latin America,Actual,225.68,2021-Q3,10
2021,Q3,Galaxy A52 5G,Mid,Yes,35877.0,14415749.14,23.37,30.34,11.88,100.48,48.09,Latin America,Actual,401.81,2021-Q3,10
2021,Q3,Galaxy Note20,Premium,No,4272.0,4143508.64,25.33,30.82,12.51,99.48,48.13,Latin America,Actual,969.92,2021-Q3,10
2021,Q3,Galaxy S20,Flagship,No,761.0,674038.51,24.09,33.16,12.58,95.71,47.96,Latin America,Actual,885.73,2021-Q3,10
2021,Q3,Galaxy S21,Flagship,No,18741.0,15873698.25,23.86,30.63,12.53,99.44,47.39,Latin America,Actual,847.0,2021-Q3,10
2021,Q3,Galaxy Z Flip3 5G,Premium Foldable,Yes,1960.0,3375388.73,23.98,30.21,12.01,95.96,47.7,Latin America,Actual,1722.14,2021-Q3,10
2021,Q3,Galaxy Z Fold2 5G,Premium Foldable,Yes,1528.0,2518158.79,25.18,30.68,12.54,107.72,46.89,Latin America,Actual,1648.01,2021-Q3,10
2021,Q3,Galaxy Z Fold3 5G,Premium Foldable,Yes,2098.0,3470315.08,24.46,29.18,12.85,99.48,47.64,Latin America,Actual,1654.11,2021-Q3,10
2021,Q3,Galaxy A32 5G,Budget,Yes,56943.0,12819619.15,22.56,26.83,10.18,86.24,44.79,Middle East & Africa,Actual,225.13,2021-Q3,10
2021,Q3,Galaxy A52 5G,Mid,Yes,31888.0,14062997.95,24.08,27.51,9.28,95.33,43.35,Middle East & Africa,Actual,441.01,2021-Q3,10
2021,Q3,Galaxy Note20,Premium,No,5389.0,5539868.94,24.46,25.98,9.62,83.54,43.01,Middle East & Africa,Actual,1028.0,2021-Q3,10
2021,Q3,Galaxy S20,Flagship,No,16240.0,716441.91,23.11,26.46,8.55,88.64,42.11,Middle East & Africa,Actual,44.12,2021-Q3,10
2021,Q3,Galaxy S21,Flagship,No,18904.0,16550394.74,23.79,27.08,9.91,87.18,42.02,Middle East & Africa,Actual,875.5,2021-Q3,10
2021,Q3,Galaxy Z Flip3 5G,Premium Foldable,Yes,2516.0,4206481.26,23.66,27.23,10.23,89.59,44.85,Middle East & Africa,Actual,1671.89,2021-Q3,10
2021,Q3,Galaxy Z Fold2 5G,Premium Foldable,Yes,1766.0,2921425.25,23.62,26.83,9.98,88.36,43.43,Middle East & Africa,Actual,1654.26,2021-Q3,10
2021,Q3,Galaxy Z Fold3 5G,Premium Foldable,Yes,2441.0,3594004.42,23.66,26.21,10.3,91.26,44.7,Middle East & Africa,Actual,1472.35,2021-Q3,10
2021,Q3,Galaxy A32 5G,Budget,Yes,23620.0,4981559.95,21.78,47.92,20.21,149.7,65.23,North America,Actual,210.9,2021-Q3,10
2021,Q3,Galaxy A52 5G,Mid,Yes,28763.0,12253889.6,22.45,46.88,20.14,152.12,64.02,North America,Actual,426.03,2021-Q3,10
2021,Q3,Galaxy Note20,Premium,No,11332.0,11009523.91,21.5,46.92,20.25,150.96,64.33,North America,Actual,971.54,2021-Q3,10
2021,Q3,Galaxy S20,Flagship,No,1532.0,1339297.55,20.85,46.88,20.21,153.35,63.92,North America,Actual,874.22,2021-Q3,10
2021,Q3,Galaxy S21,Flagship,No,33539.0,30055993.68,21.5,46.09,20.02,147.3,64.54,North America,Actual,896.15,2021-Q3,10
2021,Q3,Galaxy Z Flip3 5G,Premium Foldable,Yes,5371.0,8929659.59,21.29,46.97,19.75,147.92,62.23,North America,Actual,1662.57,2021-Q3,10
2021,Q3,Galaxy Z Fold2 5G,Premium Foldable,Yes,4123.0,6291659.68,21.64,45.45,21.0,148.99,62.7,North America,Actual,1525.99,2021-Q3,10
2021,Q3,Galaxy Z Fold3 5G,Premium Foldable,Yes,5755.0,10290778.08,21.23,46.33,20.47,151.32,62.9,North America,Actual,1788.15,2021-Q3,10
2021,Q4,Galaxy A32 5G,Budget,Yes,49826.0,11591272.05,14.64,44.96,23.21,151.3,63.76,Asia-Pacific,Actual,232.64,2021-Q4,11
2021,Q4,Galaxy A52 5G,Mid,Yes,29418.0,12856459.51,14.26,48.57,23.86,154.37,62.35,Asia-Pacific,Actual,437.03,2021-Q4,11
2021,Q4,Galaxy Note20,Premium,No,2420.0,2347018.62,15.27,46.07,23.51,156.45,64.85,Asia-Pacific,Actual,969.84,2021-Q4,11
2021,Q4,Galaxy S21,Flagship,No,19670.0,16206710.71,15.58,46.2,23.79,157.97,62.39,Asia-Pacific,Actual,823.93,2021-Q4,11
2021,Q4,Galaxy Z Flip3 5G,Premium Foldable,Yes,9849.0,17255258.75,14.31,43.97,24.26,157.77,62.47,Asia-Pacific,Actual,1751.98,2021-Q4,11
2021,Q4,Galaxy Z Fold2 5G,Premium Foldable,Yes,1913.0,2829222.37,14.96,46.59,24.35,145.55,64.1,Asia-Pacific,Actual,1478.95,2021-Q4,11
2021,Q4,Galaxy Z Fold3 5G,Premium Foldable,Yes,9910.0,16855948.64,15.32,46.33,23.46,155.58,63.11,Asia-Pacific,Actual,1700.9,2021-Q4,11
2021,Q4,Galaxy A32 5G,Budget,Yes,25236.0,5271622.8,22.71,39.31,18.94,138.81,55.58,Europe,Actual,208.89,2021-Q4,11
2021,Q4,Galaxy A52 5G,Mid,Yes,29474.0,13242944.08,22.41,39.27,18.87,136.58,58.29,Europe,Actual,449.31,2021-Q4,11
2021,Q4,Galaxy Note20,Premium,No,3396.0,3180924.3,23.17,41.51,18.36,137.81,58.78,Europe,Actual,936.67,2021-Q4,11
2021,Q4,Galaxy S21,Flagship,No,21811.0,17454693.25,23.23,38.82,17.58,140.3,55.95,Europe,Actual,800.27,2021-Q4,11
2021,Q4,Galaxy Z Flip3 5G,Premium Foldable,Yes,6653.0,10307434.52,22.39,40.6,17.02,137.2,59.1,Europe,Actual,1549.29,2021-Q4,11
2021,Q4,Galaxy Z Fold2 5G,Premium Foldable,Yes,1207.0,2062548.6,23.42,41.47,18.69,135.93,57.37,Europe,Actual,1708.82,2021-Q4,11
2021,Q4,Galaxy Z Fold3 5G,Premium Foldable,Yes,6614.0,11749986.19,22.91,39.36,19.07,132.93,57.15,Europe,Actual,1776.53,2021-Q4,11
2021,Q4,Galaxy A32 5G,Budget,Yes,58009.0,12349790.9,24.92,35.77,13.49,103.82,49.32,Latin America,Actual,212.89,2021-Q4,11
2021,Q4,Galaxy A52 5G,Mid,Yes,33056.0,13026664.64,24.21,33.05,14.18,103.58,47.62,Latin America,Actual,394.08,2021-Q4,11
2021,Q4,Galaxy Note20,Premium,No,2146.0,2132308.6,23.53,33.18,13.71,102.69,48.31,Latin America,Actual,993.62,2021-Q4,11
2021,Q4,Galaxy S21,Flagship,No,13562.0,11753529.95,23.47,33.95,12.05,104.27,50.06,Latin America,Actual,866.65,2021-Q4,11
2021,Q4,Galaxy Z Flip3 5G,Premium Foldable,Yes,3140.0,5235104.82,24.25,33.12,13.8,110.36,48.85,Latin America,Actual,1667.23,2021-Q4,11
2021,Q4,Galaxy Z Fold2 5G,Premium Foldable,Yes,634.0,989554.98,24.41,32.85,13.38,107.33,50.01,Latin America,Actual,1560.81,2021-Q4,11
2021,Q4,Galaxy Z Fold3 5G,Premium Foldable,Yes,2957.0,4918086.85,24.23,31.25,13.51,109.71,48.18,Latin America,Actual,1663.2,2021-Q4,11
2021,Q4,Galaxy A32 5G,Budget,Yes,57978.0,12594219.54,23.07,28.52,11.87,95.87,44.25,Middle East & Africa,Actual,217.22,2021-Q4,11
2021,Q4,Galaxy A52 5G,Mid,Yes,26102.0,10954918.1,23.19,29.07,11.15,93.07,45.48,Middle East & Africa,Actual,419.7,2021-Q4,11
2021,Q4,Galaxy Note20,Premium,No,2369.0,2141584.62,22.61,27.91,10.77,92.55,46.14,Middle East & Africa,Actual,904.0,2021-Q4,11
2021,Q4,Galaxy S21,Flagship,No,15018.0,13529029.71,22.66,29.32,10.97,97.24,45.18,Middle East & Africa,Actual,900.85,2021-Q4,11
2021,Q4,Galaxy Z Flip3 5G,Premium Foldable,Yes,3426.0,5884072.42,22.87,30.35,10.26,97.51,45.12,Middle East & Africa,Actual,1717.48,2021-Q4,11
2021,Q4,Galaxy Z Fold2 5G,Premium Foldable,Yes,780.0,1275101.55,23.92,29.81,10.15,96.48,44.89,Middle East & Africa,Actual,1634.75,2021-Q4,11
2021,Q4,Galaxy Z Fold3 5G,Premium Foldable,Yes,3733.0,6239609.24,23.85,30.44,10.1,94.42,46.65,Middle East & Africa,Actual,1671.47,2021-Q4,11
2021,Q4,Galaxy A32 5G,Budget,Yes,22095.0,4659758.33,21.05,49.77,21.71,160.08,65.83,North America,Actual,210.9,2021-Q4,11
2021,Q4,Galaxy A52 5G,Mid,Yes,26214.0,10409309.53,22.14,47.6,22.22,153.01,65.7,North America,Actual,397.09,2021-Q4,11
2021,Q4,Galaxy Note20,Premium,No,4066.0,3977567.88,20.83,47.73,22.43,165.32,66.42,North America,Actual,978.25,2021-Q4,11
2021,Q4,Galaxy S21,Flagship,No,26990.0,22837273.99,21.48,49.23,21.6,158.48,65.57,North America,Actual,846.14,2021-Q4,11
2021,Q4,Galaxy Z Flip3 5G,Premium Foldable,Yes,9170.0,15288506.76,21.71,49.94,21.97,157.05,64.78,North America,Actual,1667.23,2021-Q4,11
2021,Q4,Galaxy Z Fold2 5G,Premium Foldable,Yes,1811.0,3127947.37,21.45,49.25,20.93,155.67,63.99,North America,Actual,1727.19,2021-Q4,11
2021,Q4,Galaxy Z Fold3 5G,Premium Foldable,Yes,7784.0,12842560.39,22.07,48.06,21.38,158.78,66.61,North America,Actual,1649.87,2021-Q4,11
2022,Q1,Galaxy A32 5G,Budget,Yes,41758.0,9323988.56,14.54,47.92,25.29,161.77,63.5,Asia-Pacific,Actual,223.29,2022-Q1,12
2022,Q1,Galaxy A52 5G,Mid,Yes,19752.0,8329860.22,15.05,49.81,25.35,161.67,63.76,Asia-Pacific,Actual,421.72,2022-Q1,12
2022,Q1,Galaxy A53 5G,Mid,Yes,16465.0,6487441.18,15.23,49.36,24.78,160.88,61.29,Asia-Pacific,Actual,394.01,2022-Q1,12
2022,Q1,Galaxy A73 5G,Mid,Yes,17404.0,6967401.9,14.34,50.35,25.38,160.25,63.5,Asia-Pacific,Actual,400.33,2022-Q1,12
2022,Q1,Galaxy Note20,Premium,No,815.0,773489.77,14.78,48.2,24.44,162.96,63.6,Asia-Pacific,Actual,949.07,2022-Q1,12
2022,Q1,Galaxy S21,Flagship,No,10897.0,10055180.71,14.62,49.77,24.87,160.67,63.27,Asia-Pacific,Actual,922.75,2022-Q1,12
2022,Q1,Galaxy S22 5G,Flagship,Yes,12341.0,10171640.25,15.46,49.25,25.91,162.17,63.5,Asia-Pacific,Actual,824.22,2022-Q1,12
2022,Q1,Galaxy Z Flip3 5G,Premium Foldable,Yes,12026.0,20050118.02,14.95,48.72,24.69,165.38,63.33,Asia-Pacific,Actual,1667.23,2022-Q1,12
2022,Q1,Galaxy Z Fold2 5G,Premium Foldable,Yes,494.0,762916.1,14.41,51.06,25.29,157.77,63.5,Asia-Pacific,Actual,1544.36,2022-Q1,12
2022,Q1,Galaxy Z Fold3 5G,Premium Foldable,Yes,10213.0,16657320.69,14.14,48.65,25.42,161.85,64.54,Asia-Pacific,Actual,1630.99,2022-Q1,12
2022,Q1,Galaxy A32 5G,Budget,Yes,22256.0,5014990.35,23.84,44.5,19.84,148.84,59.55,Europe,Actual,225.33,2022-Q1,12
2022,Q1,Galaxy A52 5G,Mid,Yes,18940.0,8643890.52,22.66,43.74,19.08,141.62,58.43,Europe,Actual,456.38,2022-Q1,12
2022,Q1,Galaxy A53 5G,Mid,Yes,16406.0,6564685.89,22.03,41.1,19.74,145.47,59.61,Europe,Actual,400.14,2022-Q1,12
2022,Q1,Galaxy A73 5G,Mid,Yes,17351.0,7338890.01,21.07,42.6,19.57,149.17,59.47,Europe,Actual,422.97,2022-Q1,12
2022,Q1,Galaxy Note20,Premium,No,1084.0,965753.48,22.75,43.25,18.96,143.01,59.3,Europe,Actual,890.92,2022-Q1,12
2022,Q1,Galaxy S21,Flagship,No,12763.0,11010894.53,23.82,44.01,19.44,151.47,59.51,Europe,Actual,862.72,2022-Q1,12
2022,Q1,Galaxy S22 5G,Flagship,Yes,17547.0,15400820.9,22.35,42.98,20.34,138.38,59.51,Europe,Actual,877.69,2022-Q1,12
2022,Q1,Galaxy Z Flip3 5G,Premium Foldable,Yes,7981.0,14757194.4,23.16,42.58,18.26,142.02,59.77,Europe,Actual,1849.04,2022-Q1,12
2022,Q1,Galaxy Z Fold2 5G,Premium Foldable,Yes,354.0,593089.35,22.67,44.52,19.58,145.45,60.11,Europe,Actual,1675.39,2022-Q1,12
2022,Q1,Galaxy Z Fold3 5G,Premium Foldable,Yes,8128.0,12927231.67,22.67,41.46,19.92,141.99,59.08,Europe,Actual,1590.46,2022-Q1,12
2022,Q1,Galaxy A32 5G,Budget,Yes,34297.0,7705149.95,24.09,34.83,14.46,111.0,51.63,Latin America,Actual,224.66,2022-Q1,12
2022,Q1,Galaxy A52 5G,Mid,Yes,19490.0,8219541.77,25.94,36.37,14.37,106.6,50.82,Latin America,Actual,421.73,2022-Q1,12
2022,Q1,Galaxy A53 5G,Mid,Yes,16679.0,6829559.39,24.96,34.02,14.25,108.99,51.38,Latin America,Actual,409.47,2022-Q1,12
2022,Q1,Galaxy A73 5G,Mid,Yes,15876.0,7242926.96,23.32,34.94,17.06,113.52,50.82,Latin America,Actual,456.22,2022-Q1,12
2022,Q1,Galaxy Note20,Premium,No,502.0,483552.62,24.18,34.74,15.45,111.12,51.49,Latin America,Actual,963.25,2022-Q1,12
2022,Q1,Galaxy S21,Flagship,No,7355.0,6223347.54,25.38,37.47,14.98,109.74,50.63,Latin America,Actual,846.14,2022-Q1,12
2022,Q1,Galaxy S22 5G,Flagship,Yes,9724.0,8299286.3,23.92,35.36,15.1,113.8,50.59,Latin America,Actual,853.48,2022-Q1,12
2022,Q1,Galaxy Z Flip3 5G,Premium Foldable,Yes,3298.0,5744890.22,25.07,35.58,15.03,112.07,50.34,Latin America,Actual,1741.93,2022-Q1,12
2022,Q1,Galaxy Z Fold2 5G,Premium Foldable,Yes,300.0,503602.65,23.57,33.98,14.59,112.51,51.34,Latin America,Actual,1678.68,2022-Q1,12
2022,Q1,Galaxy Z Fold3 5G,Premium Foldable,Yes,3268.0,5615904.16,24.71,34.94,15.5,117.02,50.33,Latin America,Actual,1718.45,2022-Q1,12
2022,Q1,Galaxy A32 5G,Budget,Yes,40627.0,8463159.52,24.84,29.92,11.75,105.24,46.42,Middle East & Africa,Actual,208.31,2022-Q1,12
2022,Q1,Galaxy A52 5G,Mid,Yes,19066.0,8838153.66,23.5,30.63,11.16,103.24,44.42,Middle East & Africa,Actual,463.56,2022-Q1,12
2022,Q1,Galaxy A53 5G,Mid,Yes,16507.0,6662486.31,24.19,31.82,11.14,102.57,47.38,Middle East & Africa,Actual,403.62,2022-Q1,12
2022,Q1,Galaxy A73 5G,Mid,Yes,17288.0,6710153.12,23.43,31.54,11.46,99.73,46.35,Middle East & Africa,Actual,388.14,2022-Q1,12
2022,Q1,Galaxy Note20,Premium,No,632.0,594837.66,23.1,33.77,12.18,101.93,45.21,Middle East & Africa,Actual,941.2,2022-Q1,12
2022,Q1,Galaxy S21,Flagship,No,9565.0,7863214.26,23.68,30.76,11.22,96.96,46.58,Middle East & Africa,Actual,822.08,2022-Q1,12
2022,Q1,Galaxy S22 5G,Flagship,Yes,12872.0,11165364.84,23.87,32.95,11.85,103.37,47.1,Middle East & Africa,Actual,867.41,2022-Q1,12
2022,Q1,Galaxy Z Flip3 5G,Premium Foldable,Yes,4680.0,7585304.88,24.03,32.06,12.2,101.06,46.84,Middle East & Africa,Actual,1620.79,2022-Q1,12
2022,Q1,Galaxy Z Fold2 5G,Premium Foldable,Yes,300.0,520471.6,23.28,30.27,12.04,98.06,46.6,Middle East & Africa,Actual,1734.91,2022-Q1,12
2022,Q1,Galaxy Z Fold3 5G,Premium Foldable,Yes,4205.0,7291289.48,24.09,29.82,11.75,105.61,47.22,Middle East & Africa,Actual,1733.96,2022-Q1,12
2022,Q1,Galaxy A32 5G,Budget,Yes,16765.0,3565084.21,21.27,52.75,22.34,166.34,67.95,North America,Actual,212.65,2022-Q1,12
2022,Q1,Galaxy A52 5G,Mid,Yes,18263.0,7812226.28,22.68,53.07,23.0,168.09,66.5,North America,Actual,427.76,2022-Q1,12
2022,Q1,Galaxy A53 5G,Mid,Yes,14719.0,5967279.72,21.79,53.99,23.47,164.18,67.11,North America,Actual,405.41,2022-Q1,12
2022,Q1,Galaxy A73 5G,Mid,Yes,14562.0,6256001.47,21.32,52.75,21.93,159.29,66.61,North America,Actual,429.61,2022-Q1,12
2022,Q1,Galaxy Note20,Premium,No,1063.0,1037282.48,22.05,52.67,22.94,166.38,67.4,North America,Actual,975.81,2022-Q1,12
2022,Q1,Galaxy S21,Flagship,No,15383.0,12679612.19,20.9,50.46,22.8,165.37,68.27,North America,Actual,824.26,2022-Q1,12
2022,Q1,Galaxy S22 5G,Flagship,Yes,18192.0,15247578.53,21.85,53.84,23.57,160.37,66.31,North America,Actual,838.15,2022-Q1,12
2022,Q1,Galaxy Z Flip3 5G,Premium Foldable,Yes,9915.0,15539973.19,22.1,52.01,23.1,164.37,67.4,North America,Actual,1567.32,2022-Q1,12
2022,Q1,Galaxy Z Fold2 5G,Premium Foldable,Yes,418.0,703464.21,22.77,49.9,23.14,166.63,68.5,North America,Actual,1682.93,2022-Q1,12
2022,Q1,Galaxy Z Fold3 5G,Premium Foldable,Yes,8851.0,14129497.65,21.17,53.47,22.64,160.46,67.84,North America,Actual,1596.37,2022-Q1,12
2022,Q2,Galaxy A32 5G,Budget,Yes,19014.0,4251221.6,15.04,52.48,28.65,174.06,66.79,Asia-Pacific,Actual,223.58,2022-Q2,13
2022,Q2,Galaxy A52 5G,Mid,Yes,10093.0,4344336.89,14.23,49.66,28.28,173.8,65.51,Asia-Pacific,Actual,430.43,2022-Q2,13
2022,Q2,Galaxy A53 5G,Mid,Yes,27383.0,11910475.87,15.58,51.26,28.2,173.18,66.69,Asia-Pacific,Actual,434.96,2022-Q2,13
2022,Q2,Galaxy A73 5G,Mid,Yes,27135.0,11600959.42,15.23,52.2,27.85,169.15,64.67,Asia-Pacific,Actual,427.53,2022-Q2,13
2022,Q2,Galaxy S21,Flagship,No,4013.0,3168556.64,14.15,53.34,27.7,172.66,66.99,Asia-Pacific,Actual,789.57,2022-Q2,13
2022,Q2,Galaxy S22 5G,Flagship,Yes,22672.0,19717506.34,14.26,54.38,26.81,169.17,66.5,Asia-Pacific,Actual,869.69,2022-Q2,13
2022,Q2,Galaxy Z Flip3 5G,Premium Foldable,Yes,9754.0,16262422.85,14.44,52.82,26.22,166.78,67.35,Asia-Pacific,Actual,1667.26,2022-Q2,13
2022,Q2,Galaxy Z Fold3 5G,Premium Foldable,Yes,10431.0,18217649.44,14.94,53.36,26.3,171.67,66.69,Asia-Pacific,Actual,1746.49,2022-Q2,13
2022,Q2,Galaxy A32 5G,Budget,Yes,12266.0,2695434.5,23.46,47.38,20.84,146.13,61.38,Europe,Actual,219.75,2022-Q2,13
2022,Q2,Galaxy A52 5G,Mid,Yes,10477.0,4319019.44,22.84,46.17,20.99,153.31,61.11,Europe,Actual,412.24,2022-Q2,13
2022,Q2,Galaxy A53 5G,Mid,Yes,23920.0,9706331.8,23.04,46.02,21.97,153.17,61.93,Europe,Actual,405.78,2022-Q2,13
2022,Q2,Galaxy A73 5G,Mid,Yes,25793.0,10969686.77,23.56,44.94,21.16,151.92,62.25,Europe,Actual,425.3,2022-Q2,13
2022,Q2,Galaxy S21,Flagship,No,4827.0,4213380.09,22.39,46.91,22.12,153.31,61.56,Europe,Actual,872.88,2022-Q2,13
2022,Q2,Galaxy S22 5G,Flagship,Yes,12872.0,10788634.06,23.02,47.97,20.81,149.96,61.28,Europe,Actual,838.15,2022-Q2,13
2022,Q2,Galaxy Z Flip3 5G,Premium Foldable,Yes,6646.0,10627952.12,21.79,45.59,21.34,152.56,63.16,Europe,Actual,1599.15,2022-Q2,13
2022,Q2,Galaxy Z Fold3 5G,Premium Foldable,Yes,7404.0,11990881.87,22.58,46.48,21.1,152.43,60.48,Europe,Actual,1619.51,2022-Q2,13
2022,Q2,Galaxy A32 5G,Budget,Yes,19173.0,4135437.03,24.05,37.29,15.66,119.64,52.74,Latin America,Actual,215.69,2022-Q2,13
2022,Q2,Galaxy A52 5G,Mid,Yes,12019.0,4819374.07,24.88,37.52,15.66,117.85,53.03,Latin America,Actual,400.98,2022-Q2,13
2022,Q2,Galaxy A53 5G,Mid,Yes,25866.0,11769332.8,24.19,38.9,16.51,119.35,52.8,Latin America,Actual,455.01,2022-Q2,13
2022,Q2,Galaxy A73 5G,Mid,Yes,27292.0,10952987.63,24.58,38.16,16.32,120.96,53.48,Latin America,Actual,401.33,2022-Q2,13
2022,Q2,Galaxy S21,Flagship,No,3393.0,2724964.6,25.29,37.46,14.62,114.87,51.06,Latin America,Actual,803.11,2022-Q2,13
2022,Q2,Galaxy S22 5G,Flagship,Yes,17201.0,14994260.73,24.43,36.21,15.26,120.71,51.92,Latin America,Actual,871.71,2022-Q2,13
2022,Q2,Galaxy Z Flip3 5G,Premium Foldable,Yes,65900.0,5572185.35,24.42,37.52,15.13,119.67,53.18,Latin America,Actual,84.56,2022-Q2,13
2022,Q2,Galaxy Z Fold3 5G,Premium Foldable,Yes,3553.0,5483658.73,24.57,38.89,16.85,113.18,51.46,Latin America,Actual,1543.39,2022-Q2,13
2022,Q2,Galaxy A32 5G,Budget,Yes,22557.0,4855443.35,23.1,32.97,13.61,110.15,47.28,Middle East & Africa,Actual,215.25,2022-Q2,13
2022,Q2,Galaxy A52 5G,Mid,Yes,10782.0,4547106.18,23.26,32.59,14.58,100.09,48.97,Middle East & Africa,Actual,421.73,2022-Q2,13
2022,Q2,Galaxy A53 5G,Mid,Yes,24309.0,10578087.26,24.56,34.18,12.39,101.53,49.38,Middle East & Africa,Actual,435.15,2022-Q2,13
2022,Q2,Galaxy A73 5G,Mid,Yes,22687.0,9341556.17,24.22,34.35,12.56,104.69,47.88,Middle East & Africa,Actual,411.76,2022-Q2,13
2022,Q2,Galaxy S21,Flagship,No,3251.0,2740259.21,23.52,32.97,13.22,108.95,47.91,Middle East & Africa,Actual,842.9,2022-Q2,13
2022,Q2,Galaxy S22 5G,Flagship,Yes,18741.0,15707513.95,24.27,32.51,13.23,103.22,47.88,Middle East & Africa,Actual,838.14,2022-Q2,13
2022,Q2,Galaxy Z Flip3 5G,Premium Foldable,Yes,3983.0,6725194.2,24.33,35.2,11.95,104.07,46.58,Middle East & Africa,Actual,1688.47,2022-Q2,13
2022,Q2,Galaxy Z Fold3 5G,Premium Foldable,Yes,3827.0,6096527.2,24.06,32.7,12.56,107.38,47.86,Middle East & Africa,Actual,1593.03,2022-Q2,13
2022,Q2,Galaxy A32 5G,Budget,Yes,9211.0,1924436.1,21.9,55.05,24.9,173.11,68.54,North America,Actual,208.93,2022-Q2,13
2022,Q2,Galaxy A52 5G,Mid,Yes,9332.0,4132223.72,21.5,54.97,24.95,177.21,70.84,North America,Actual,442.8,2022-Q2,13
2022,Q2,Galaxy A53 5G,Mid,Yes,20025.0,8253930.53,23.15,54.36,25.23,168.36,66.66,North America,Actual,412.18,2022-Q2,13
2022,Q2,Galaxy A73 5G,Mid,Yes,24145.0,10190624.66,21.34,71.01,24.69,179.55,68.89,North America,Actual,422.06,2022-Q2,13
2022,Q2,Galaxy S21,Flagship,No,5684.0,5354399.62,22.68,54.71,25.13,177.98,67.95,North America,Actual,942.01,2022-Q2,13
2022,Q2,Galaxy S22 5G,Flagship,Yes,30777.0,24809885.5,21.9,55.47,24.91,177.21,69.9,North America,Actual,806.12,2022-Q2,13
2022,Q2,Galaxy Z Flip3 5G,Premium Foldable,Yes,8392.0,13775312.6,21.88,55.39,23.84,178.47,67.98,North America,Actual,1641.48,2022-Q2,13
2022,Q2,Galaxy Z Fold3 5G,Premium Foldable,Yes,8870.0,15458273.68,21.64,55.05,24.91,175.54,66.67,North America,Actual,1742.76,2022-Q2,13
2022,Q3,Galaxy A32 5G,Budget,Yes,8168.0,1755215.07,15.08,55.57,28.09,179.97,66.5,Asia-Pacific,Actual,214.89,2022-Q3,14
2022,Q3,Galaxy A52 5G,Mid,Yes,4586.0,1907115.13,14.81,55.94,29.13,180.94,67.92,Asia-Pacific,Actual,415.86,2022-Q3,14
2022,Q3,Galaxy A53 5G,Mid,Yes,30678.0,12339186.43,14.21,56.51,28.97,181.09,68.77,Asia-Pacific,Actual,402.22,2022-Q3,14
2022,Q3,Galaxy A73 5G,Mid,Yes,30309.0,12784014.88,15.44,55.51,28.99,178.43,68.04,Asia-Pacific,Actual,421.79,2022-Q3,14
2022,Q3,Galaxy S21,Flagship,No,1271.0,1075347.8,15.01,55.3,29.24,180.47,69.01,Asia-Pacific,Actual,846.06,2022-Q3,14
2022,Q3,Galaxy S22 5G,Flagship,Yes,23481.0,20805279.09,14.13,54.53,29.08,176.15,68.0,Asia-Pacific,Actual,886.05,2022-Q3,14
2022,Q3,Galaxy Z Flip3 5G,Premium Foldable,Yes,7738.0,11741393.32,15.43,55.51,28.3,179.46,67.08,Asia-Pacific,Actual,1517.37,2022-Q3,14
2022,Q3,Galaxy Z Fold3 5G,Premium Foldable,Yes,7453.0,11940791.21,14.29,54.6,29.21,176.85,67.33,Asia-Pacific,Actual,1602.15,2022-Q3,14
2022,Q3,Galaxy A32 5G,Budget,Yes,4699.0,1051903.72,22.92,50.73,22.91,157.97,62.0,Europe,Actual,223.86,2022-Q3,14
2022,Q3,Galaxy A52 5G,Mid,Yes,4261.0,1702675.18,22.83,47.93,22.14,162.84,64.12,Europe,Actual,399.6,2022-Q3,14
2022,Q3,Galaxy A53 5G,Mid,Yes,31928.0,13418140.65,22.07,49.5,22.71,156.24,64.01,Europe,Actual,420.26,2022-Q3,14
2022,Q3,Galaxy A73 5G,Mid,Yes,27640.0,11130219.0,22.27,50.5,23.28,159.29,63.93,Europe,Actual,402.69,2022-Q3,14
2022,Q3,Galaxy S21,Flagship,No,1306.0,1012368.86,22.85,48.77,24.16,160.72,64.7,Europe,Actual,775.17,2022-Q3,14
2022,Q3,Galaxy S22 5G,Flagship,Yes,28036.0,24639818.99,22.23,46.04,22.66,155.31,63.35,Europe,Actual,878.86,2022-Q3,14
2022,Q3,Galaxy Z Flip3 5G,Premium Foldable,Yes,5271.0,8002193.64,21.51,50.24,22.34,159.2,61.58,Europe,Actual,1518.15,2022-Q3,14
2022,Q3,Galaxy Z Fold3 5G,Premium Foldable,Yes,4989.0,8673479.72,23.36,49.5,23.01,160.11,62.24,Europe,Actual,1738.52,2022-Q3,14
2022,Q3,Galaxy A32 5G,Budget,Yes,8503.0,2048361.66,24.99,40.96,16.76,125.23,54.31,Latin America,Actual,240.9,2022-Q3,14
2022,Q3,Galaxy A52 5G,Mid,Yes,4789.0,2063291.53,23.87,39.45,17.21,126.86,54.06,Latin America,Actual,430.84,2022-Q3,14
2022,Q3,Galaxy A53 5G,Mid,Yes,33975.0,13746411.38,26.42,38.2,17.36,123.48,54.26,Latin America,Actual,404.6,2022-Q3,14
2022,Q3,Galaxy A73 5G,Mid,Yes,33770.0,13778923.92,24.33,39.57,16.74,127.67,52.14,Latin America,Actual,408.02,2022-Q3,14
2022,Q3,Galaxy S21,Flagship,No,731.0,614856.17,25.15,40.66,16.82,126.02,54.49,Latin America,Actual,841.12,2022-Q3,14
2022,Q3,Galaxy S22 5G,Flagship,Yes,18773.0,14731889.94,24.52,39.8,17.09,125.01,53.93,Latin America,Actual,784.74,2022-Q3,14
2022,Q3,Galaxy Z Flip3 5G,Premium Foldable,Yes,2317.0,3826710.15,24.98,42.63,16.5,124.57,51.84,Latin America,Actual,1651.58,2022-Q3,14
2022,Q3,Galaxy Z Fold3 5G,Premium Foldable,Yes,2213.0,3916775.43,26.12,39.26,17.33,124.91,51.82,Latin America,Actual,1769.89,2022-Q3,14
2022,Q3,Galaxy A32 5G,Budget,Yes,9217.0,1973464.68,23.62,34.23,12.3,111.64,49.91,Middle East & Africa,Actual,214.11,2022-Q3,14
2022,Q3,Galaxy A52 5G,Mid,Yes,4348.0,1858250.03,23.32,35.92,14.31,114.26,49.6,Middle East & Africa,Actual,427.38,2022-Q3,14
2022,Q3,Galaxy A53 5G,Mid,Yes,32180.0,13764030.14,23.84,33.17,13.98,112.89,49.4,Middle East & Africa,Actual,427.72,2022-Q3,14
2022,Q3,Galaxy A73 5G,Mid,Yes,34128.0,14986922.73,22.61,35.72,12.78,111.79,46.89,Middle East & Africa,Actual,439.14,2022-Q3,14
2022,Q3,Galaxy S21,Flagship,No,837.0,727265.63,23.19,34.7,13.84,117.01,49.39,Middle East & Africa,Actual,868.9,2022-Q3,14
2022,Q3,Galaxy S22 5G,Flagship,Yes,20577.0,17782418.05,24.15,36.13,13.58,111.27,47.78,Middle East & Africa,Actual,864.19,2022-Q3,14
2022,Q3,Galaxy Z Flip3 5G,Premium Foldable,Yes,2558.0,4018858.45,23.32,35.99,14.03,111.43,50.6,Middle East & Africa,Actual,1571.09,2022-Q3,14
2022,Q3,Galaxy Z Fold3 5G,Premium Foldable,Yes,2661.0,4270004.35,22.9,36.23,14.8,117.16,48.19,Middle East & Africa,Actual,1604.66,2022-Q3,14
2022,Q3,Galaxy A32 5G,Budget,Yes,3692.0,804375.1,21.96,58.14,26.12,183.76,70.0,North America,Actual,217.87,2022-Q3,14
2022,Q3,Galaxy A52 5G,Mid,Yes,3900.0,1653948.89,21.75,57.57,24.64,183.78,70.73,North America,Actual,424.09,2022-Q3,14
2022,Q3,Galaxy A53 5G,Mid,Yes,24943.0,11477267.05,22.59,58.74,25.18,180.75,69.56,North America,Actual,460.14,2022-Q3,14
2022,Q3,Galaxy A73 5G,Mid,Yes,27845.0,12584300.79,20.05,57.58,26.87,185.62,67.97,North America,Actual,451.94,2022-Q3,14
2022,Q3,Galaxy S21,Flagship,No,1546.0,1308129.88,21.95,58.4,26.08,180.05,70.0,North America,Actual,846.14,2022-Q3,14
2022,Q3,Galaxy S22 5G,Flagship,Yes,34371.0,28428227.33,21.1,58.46,26.75,179.91,70.23,North America,Actual,827.1,2022-Q3,14
2022,Q3,Galaxy Z Flip3 5G,Premium Foldable,Yes,6110.0,10773518.59,21.95,60.23,26.19,181.43,69.61,North America,Actual,1763.26,2022-Q3,14
2022,Q3,Galaxy Z Fold3 5G,Premium Foldable,Yes,6002.0,9901870.56,21.98,58.4,26.85,182.23,70.07,North America,Actual,1649.76,2022-Q3,14
2022,Q4,Galaxy A32 5G,Budget,Yes,2485.0,539605.29,14.85,58.9,30.24,189.63,69.19,Asia-Pacific,Actual,217.14,2022-Q4,15
2022,Q4,Galaxy A52 5G,Mid,Yes,1365.0,575828.81,15.54,58.47,30.05,187.01,68.12,Asia-Pacific,Actual,421.85,2022-Q4,15
2022,Q4,Galaxy A53 5G,Mid,Yes,29203.0,12293471.78,14.99,57.44,31.36,191.06,68.29,Asia-Pacific,Actual,420.97,2022-Q4,15
2022,Q4,Galaxy A73 5G,Mid,Yes,30246.0,13511475.68,14.96,60.02,30.62,189.13,68.15,Asia-Pacific,Actual,446.72,2022-Q4,15
2022,Q4,Galaxy S22 5G,Flagship,Yes,24032.0,21541483.77,15.76,59.8,31.3,189.37,67.69,Asia-Pacific,Actual,896.37,2022-Q4,15
2022,Q4,Galaxy Z Flip3 5G,Premium Foldable,Yes,3298.0,5606179.55,15.18,60.28,30.5,186.56,69.36,Asia-Pacific,Actual,1699.87,2022-Q4,15
2022,Q4,Galaxy Z Fold3 5G,Premium Foldable,Yes,3610.0,5751081.83,15.42,58.04,29.35,187.58,68.95,Asia-Pacific,Actual,1593.1,2022-Q4,15
2022,Q4,Galaxy A32 5G,Budget,Yes,1558.0,315059.67,24.0,50.73,23.82,167.44,64.15,Europe,Actual,202.22,2022-Q4,15
2022,Q4,Galaxy A52 5G,Mid,Yes,1394.0,579805.93,23.46,49.07,23.44,165.19,63.74,Europe,Actual,415.93,2022-Q4,15
2022,Q4,Galaxy A53 5G,Mid,Yes,25266.0,11330898.97,23.29,50.74,24.43,167.58,63.63,Europe,Actual,448.46,2022-Q4,15
2022,Q4,Galaxy A73 5G,Mid,Yes,25199.0,10624581.06,24.35,50.65,23.87,167.72,65.1,Europe,Actual,421.63,2022-Q4,15
2022,Q4,Galaxy S22 5G,Flagship,Yes,26400.0,20083770.26,23.84,50.02,23.16,169.0,66.03,Europe,Actual,760.75,2022-Q4,15
2022,Q4,Galaxy Z Flip3 5G,Premium Foldable,Yes,2587.0,4550552.62,22.75,50.57,23.89,169.73,63.85,Europe,Actual,1759.01,2022-Q4,15
2022,Q4,Galaxy Z Fold3 5G,Premium Foldable,Yes,2504.0,4131254.28,23.1,51.68,23.63,166.51,65.47,Europe,Actual,1649.86,2022-Q4,15
2022,Q4,Galaxy A32 5G,Budget,Yes,2552.0,563406.5,24.12,41.22,17.94,129.95,55.45,Latin America,Actual,220.77,2022-Q4,15
2022,Q4,Galaxy A52 5G,Mid,Yes,1478.0,662992.12,24.59,40.1,18.04,126.28,55.14,Latin America,Actual,448.57,2022-Q4,15
2022,Q4,Galaxy A53 5G,Mid,Yes,29760.0,11154046.38,25.45,42.66,17.48,131.66,54.37,Latin America,Actual,374.8,2022-Q4,15
2022,Q4,Galaxy A73 5G,Mid,Yes,27909.0,11479370.35,24.9,41.01,16.86,129.53,54.83,Latin America,Actual,411.31,2022-Q4,15
2022,Q4,Galaxy S22 5G,Flagship,Yes,15799.0,12718138.56,25.13,43.56,19.17,130.37,53.91,Latin America,Actual,805.0,2022-Q4,15
2022,Q4,Galaxy Z Flip3 5G,Premium Foldable,Yes,1271.0,1890569.84,25.6,41.78,17.59,133.02,52.63,Latin America,Actual,1487.47,2022-Q4,15
2022,Q4,Galaxy Z Fold3 5G,Premium Foldable,Yes,1250.0,2119103.65,26.52,43.99,18.29,126.03,53.15,Latin America,Actual,1695.28,2022-Q4,15
2022,Q4,Galaxy A32 5G,Budget,Yes,2804.0,647756.27,24.45,36.39,14.8,120.43,50.24,Middle East & Africa,Actual,231.01,2022-Q4,15
2022,Q4,Galaxy A52 5G,Mid,Yes,1337.0,547736.33,22.96,33.88,15.24,122.9,50.18,Middle East & Africa,Actual,409.68,2022-Q4,15
2022,Q4,Galaxy A53 5G,Mid,Yes,25811.0,10684494.0,24.28,35.63,14.37,116.51,51.5,Middle East & Africa,Actual,413.95,2022-Q4,15
2022,Q4,Galaxy A73 5G,Mid,Yes,29044.0,11911129.77,24.88,38.17,13.57,118.96,48.66,Middle East & Africa,Actual,410.11,2022-Q4,15
2022,Q4,Galaxy S22 5G,Flagship,Yes,17745.0,14717250.54,24.64,39.86,15.3,120.53,50.0,Middle East & Africa,Actual,829.37,2022-Q4,15
2022,Q4,Galaxy Z Flip3 5G,Premium Foldable,Yes,1463.0,2496786.92,24.29,36.05,13.93,117.54,50.73,Middle East & Africa,Actual,1706.62,2022-Q4,15
2022,Q4,Galaxy Z Fold3 5G,Premium Foldable,Yes,1481.0,2339623.03,23.6,37.35,13.17,117.76,50.33,Middle East & Africa,Actual,1579.76,2022-Q4,15
2022,Q4,Galaxy A32 5G,Budget,Yes,1169.0,261902.95,22.34,61.24,27.68,193.26,70.53,North America,Actual,224.04,2022-Q4,15
2022,Q4,Galaxy A52 5G,Mid,Yes,1118.0,485037.77,21.42,60.13,28.0,190.64,70.53,North America,Actual,433.84,2022-Q4,15
2022,Q4,Galaxy A53 5G,Mid,Yes,23655.0,10050071.92,21.36,61.91,27.47,195.82,71.67,North America,Actual,424.86,2022-Q4,15
2022,Q4,Galaxy A73 5G,Mid,Yes,24457.0,9691470.76,22.34,60.85,27.93,187.12,69.35,North America,Actual,396.27,2022-Q4,15
2022,Q4,Galaxy S22 5G,Flagship,Yes,30468.0,25442757.22,23.11,61.73,28.09,193.14,71.25,North America,Actual,835.06,2022-Q4,15
2022,Q4,Galaxy Z Flip3 5G,Premium Foldable,Yes,3297.0,6011179.58,22.43,59.96,27.74,190.8,70.53,North America,Actual,1823.23,2022-Q4,15
2022,Q4,Galaxy Z Fold3 5G,Premium Foldable,Yes,3248.0,5570988.05,21.6,62.23,27.83,192.44,69.74,North America,Actual,1715.21,2022-Q4,15
2023,Q1,Galaxy A14 5G,Budget,Yes,30108.0,6290716.89,15.8,62.41,32.15,193.1,71.47,Asia-Pacific,Actual,208.94,2023-Q1,16
2023,Q1,Galaxy A53 5G,Mid,Yes,19075.0,8683021.14,15.81,58.41,31.48,197.01,71.88,Asia-Pacific,Actual,455.2,2023-Q1,16
2023,Q1,Galaxy A54 5G,Mid,Yes,19745.0,8530800.26,15.24,63.02,33.56,195.71,71.12,Asia-Pacific,Actual,432.05,2023-Q1,16
2023,Q1,Galaxy A73 5G,Mid,Yes,22127.0,8587350.02,14.9,62.99,31.85,191.81,69.31,Asia-Pacific,Actual,388.09,2023-Q1,16
2023,Q1,Galaxy S22 5G,Flagship,Yes,15648.0,13077919.97,15.7,63.42,33.39,193.36,71.16,Asia-Pacific,Actual,835.76,2023-Q1,16
2023,Q1,Galaxy S23 5G,Flagship,Yes,14541.0,12327030.35,14.88,60.77,30.99,192.76,71.14,Asia-Pacific,Actual,847.74,2023-Q1,16
2023,Q1,Galaxy Z Flip3 5G,Premium Foldable,Yes,1502.0,2366927.17,15.02,62.1,33.17,191.31,71.14,Asia-Pacific,Actual,1575.85,2023-Q1,16
2023,Q1,Galaxy Z Fold3 5G,Premium Foldable,Yes,1542.0,2597742.32,15.07,64.98,32.75,195.06,70.97,Asia-Pacific,Actual,1684.66,2023-Q1,16
2023,Q1,Galaxy A14 5G,Budget,Yes,18944.0,4043397.41,23.44,52.92,26.27,171.31,66.85,Europe,Actual,213.44,2023-Q1,16
2023,Q1,Galaxy A53 5G,Mid,Yes,18752.0,7410427.42,23.62,54.87,26.46,176.08,66.53,Europe,Actual,395.18,2023-Q1,16
2023,Q1,Galaxy A54 5G,Mid,Yes,16409.0,6727188.59,23.38,52.23,25.17,172.59,65.89,Europe,Actual,409.97,2023-Q1,16
2023,Q1,Galaxy A73 5G,Mid,Yes,18797.0,6912505.13,21.84,53.13,25.09,176.35,66.19,Europe,Actual,367.75,2023-Q1,16
2023,Q1,Galaxy S22 5G,Flagship,Yes,17621.0,16292512.58,21.44,53.24,25.63,171.55,66.24,Europe,Actual,924.61,2023-Q1,16
2023,Q1,Galaxy S23 5G,Flagship,Yes,16792.0,14636173.45,22.49,53.84,26.31,175.56,65.54,Europe,Actual,871.62,2023-Q1,16
2023,Q1,Galaxy Z Flip3 5G,Premium Foldable,Yes,1134.0,1911959.08,22.21,54.04,23.84,173.74,66.89,Europe,Actual,1686.03,2023-Q1,16
2023,Q1,Galaxy Z Fold3 5G,Premium Foldable,Yes,1123.0,1787209.2,22.71,53.25,24.65,177.76,66.98,Europe,Actual,1591.46,2023-Q1,16
2023,Q1,Galaxy A14 5G,Budget,Yes,30392.0,6655025.94,24.62,60.77,18.97,133.75,55.22,Latin America,Actual,218.97,2023-Q1,16
2023,Q1,Galaxy A53 5G,Mid,Yes,20550.0,8207086.89,25.07,47.3,19.35,134.92,54.79,Latin America,Actual,399.37,2023-Q1,16
2023,Q1,Galaxy A54 5G,Mid,Yes,20004.0,8243602.09,24.05,44.65,20.33,127.21,55.24,Latin America,Actual,412.1,2023-Q1,16
2023,Q1,Galaxy A73 5G,Mid,Yes,20133.0,8527930.89,24.41,45.34,19.37,136.18,54.82,Latin America,Actual,423.58,2023-Q1,16
2023,Q1,Galaxy S22 5G,Flagship,Yes,11531.0,9429740.6,25.74,44.24,18.83,135.78,55.65,Latin America,Actual,817.77,2023-Q1,16
2023,Q1,Galaxy S23 5G,Flagship,Yes,9494.0,8120848.4,24.54,43.02,18.18,139.62,55.59,Latin America,Actual,855.37,2023-Q1,16
2023,Q1,Galaxy Z Flip3 5G,Premium Foldable,Yes,435.0,729221.5,25.04,46.28,19.35,138.04,54.73,Latin America,Actual,1676.37,2023-Q1,16
2023,Q1,Galaxy Z Fold3 5G,Premium Foldable,Yes,449.0,719929.36,24.04,44.54,19.36,143.28,55.49,Latin America,Actual,1603.41,2023-Q1,16
2023,Q1,Galaxy A14 5G,Budget,Yes,37434.0,8157958.88,23.46,40.6,15.4,120.05,51.41,Middle East & Africa,Actual,217.93,2023-Q1,16
2023,Q1,Galaxy A53 5G,Mid,Yes,19091.0,8460776.57,24.47,39.5,14.47,120.29,51.4,Middle East & Africa,Actual,443.18,2023-Q1,16
2023,Q1,Galaxy A54 5G,Mid,Yes,18109.0,7672439.63,23.81,38.19,15.05,128.69,52.9,Middle East & Africa,Actual,423.68,2023-Q1,16
2023,Q1,Galaxy A73 5G,Mid,Yes,19047.0,8285574.63,23.22,39.35,15.05,123.47,51.81,Middle East & Africa,Actual,435.01,2023-Q1,16
2023,Q1,Galaxy S22 5G,Flagship,Yes,12427.0,10696658.59,23.12,40.35,15.94,120.59,51.83,Middle East & Africa,Actual,860.76,2023-Q1,16
2023,Q1,Galaxy S23 5G,Flagship,Yes,12293.0,9766011.39,23.21,38.65,14.82,118.9,50.78,Middle East & Africa,Actual,794.44,2023-Q1,16
2023,Q1,Galaxy Z Flip3 5G,Premium Foldable,Yes,623.0,972068.28,23.5,39.5,14.99,121.54,51.55,Middle East & Africa,Actual,1560.3,2023-Q1,16
2023,Q1,Galaxy Z Fold3 5G,Premium Foldable,Yes,638.0,1006997.41,24.41,42.11,16.52,117.36,49.61,Middle East & Africa,Actual,1578.37,2023-Q1,16
2023,Q1,Galaxy A14 5G,Budget,Yes,13304.0,2958973.58,22.18,62.97,30.63,194.79,73.06,North America,Actual,222.41,2023-Q1,16
2023,Q1,Galaxy A53 5G,Mid,Yes,17133.0,6826801.36,21.38,61.82,29.04,199.02,73.54,North America,Actual,398.46,2023-Q1,16
2023,Q1,Galaxy A54 5G,Mid,Yes,16575.0,6962720.78,21.19,61.65,29.23,198.44,72.69,North America,Actual,420.07,2023-Q1,16
2023,Q1,Galaxy A73 5G,Mid,Yes,16391.0,7281405.33,20.26,62.66,29.32,201.6,72.95,North America,Actual,444.23,2023-Q1,16
2023,Q1,Galaxy S22 5G,Flagship,Yes,21192.0,18515893.94,22.17,65.06,29.88,199.24,73.25,North America,Actual,873.72,2023-Q1,16
2023,Q1,Galaxy S23 5G,Flagship,Yes,20583.0,18346797.35,21.38,63.12,28.69,204.28,72.76,North America,Actual,891.36,2023-Q1,16
2023,Q1,Galaxy Z Flip3 5G,Premium Foldable,Yes,1228.0,2024975.27,21.16,62.97,29.23,197.62,73.32,North America,Actual,1649.0,2023-Q1,16
2023,Q1,Galaxy Z Fold3 5G,Premium Foldable,Yes,1420.0,2342803.94,22.32,65.67,29.04,199.42,71.27,North America,Actual,1649.86,2023-Q1,16
2023,Q2,Galaxy A14 5G,Budget,Yes,44640.0,9917162.15,15.74,65.53,33.25,203.12,73.12,Asia-Pacific,Actual,222.16,2023-Q2,17
2023,Q2,Galaxy A53 5G,Mid,Yes,11750.0,4553591.18,15.31,64.3,34.4,201.22,71.61,Asia-Pacific,Actual,387.54,2023-Q2,17
2023,Q2,Galaxy A54 5G,Mid,Yes,28011.0,11717044.76,14.22,63.81,33.77,203.14,72.33,Asia-Pacific,Actual,418.3,2023-Q2,17
2023,Q2,Galaxy A73 5G,Mid,Yes,9983.0,4044130.66,13.79,65.69,34.62,205.78,71.86,Asia-Pacific,Actual,405.1,2023-Q2,17
2023,Q2,Galaxy S22 5G,Flagship,Yes,8576.0,7017487.12,15.51,64.26,33.78,202.95,72.65,Asia-Pacific,Actual,818.27,2023-Q2,17
2023,Q2,Galaxy S23 5G,Flagship,Yes,22280.0,17284989.63,14.06,63.54,33.62,203.91,72.93,Asia-Pacific,Actual,775.81,2023-Q2,17
2023,Q2,Galaxy Z Flip3 5G,Premium Foldable,Yes,417.0,664740.08,14.37,65.12,34.18,206.5,71.05,Asia-Pacific,Actual,1594.1,2023-Q2,17
2023,Q2,Galaxy Z Fold3 5G,Premium Foldable,Yes,440.0,729110.44,15.34,61.14,34.45,205.48,72.2,Asia-Pacific,Actual,1657.07,2023-Q2,17
2023,Q2,Galaxy A14 5G,Budget,Yes,26509.0,5758008.31,23.81,55.94,27.59,187.41,68.44,Europe,Actual,217.21,2023-Q2,17
2023,Q2,Galaxy A53 5G,Mid,Yes,9362.0,4252200.17,24.1,57.05,27.54,179.42,67.26,Europe,Actual,454.2,2023-Q2,17
2023,Q2,Galaxy A54 5G,Mid,Yes,23815.0,9744631.55,23.85,55.84,26.76,181.42,64.9,Europe,Actual,409.18,2023-Q2,17
2023,Q2,Galaxy A73 5G,Mid,Yes,8975.0,3830112.28,22.78,56.58,26.48,182.22,67.17,Europe,Actual,426.75,2023-Q2,17
2023,Q2,Galaxy S22 5G,Flagship,Yes,9245.0,7719975.72,23.31,57.25,26.17,182.22,66.85,Europe,Actual,835.04,2023-Q2,17
2023,Q2,Galaxy S23 5G,Flagship,Yes,23128.0,20677423.56,22.82,56.18,26.15,186.16,67.39,Europe,Actual,894.04,2023-Q2,17
2023,Q2,Galaxy Z Flip3 5G,Premium Foldable,Yes,335.0,567190.98,23.87,58.29,26.32,182.76,68.48,Europe,Actual,1693.11,2023-Q2,17
2023,Q2,Galaxy Z Fold3 5G,Premium Foldable,Yes,421.0,656028.61,22.88,56.25,26.77,181.6,66.05,Europe,Actual,1558.26,2023-Q2,17
2023,Q2,Galaxy A14 5G,Budget,Yes,43129.0,10172466.11,24.64,47.69,20.24,139.48,57.79,Latin America,Actual,235.86,2023-Q2,17
2023,Q2,Galaxy A53 5G,Mid,Yes,10780.0,4624562.33,24.68,49.01,19.89,141.59,57.78,Latin America,Actual,428.99,2023-Q2,17
2023,Q2,Galaxy A54 5G,Mid,Yes,27770.0,11952768.48,25.77,47.9,20.0,137.21,56.18,Latin America,Actual,430.42,2023-Q2,17
2023,Q2,Galaxy A73 5G,Mid,Yes,12360.0,5243716.46,25.9,47.12,19.44,144.08,57.33,Latin America,Actual,424.25,2023-Q2,17
2023,Q2,Galaxy S22 5G,Flagship,Yes,5853.0,4872315.76,24.39,45.54,20.56,142.54,56.64,Latin America,Actual,832.45,2023-Q2,17
2023,Q2,Galaxy S23 5G,Flagship,Yes,14292.0,12606632.55,24.49,48.18,20.61,140.79,58.8,Latin America,Actual,882.08,2023-Q2,17
2023,Q2,Galaxy Z Flip3 5G,Premium Foldable,Yes,300.0,485496.71,25.1,48.78,20.83,137.49,57.75,Latin America,Actual,1618.32,2023-Q2,17
2023,Q2,Galaxy Z Fold3 5G,Premium Foldable,Yes,300.0,493685.26,25.73,48.3,20.42,140.79,57.38,Latin America,Actual,1645.62,2023-Q2,17
2023,Q2,Galaxy A14 5G,Budget,Yes,53757.0,11763966.51,23.54,41.77,14.6,131.94,52.09,Middle East & Africa,Actual,218.84,2023-Q2,17
2023,Q2,Galaxy A53 5G,Mid,Yes,10362.0,4138850.7,23.9,40.99,15.02,128.74,52.23,Middle East & Africa,Actual,399.43,2023-Q2,17
2023,Q2,Galaxy A54 5G,Mid,Yes,25300.0,10436499.56,23.53,42.31,16.27,130.95,54.34,Middle East & Africa,Actual,412.51,2023-Q2,17
2023,Q2,Galaxy A73 5G,Mid,Yes,10204.0,4232424.29,24.83,40.82,16.63,130.83,54.22,Middle East & Africa,Actual,414.78,2023-Q2,17
2023,Q2,Galaxy S22 5G,Flagship,Yes,6785.0,5854078.07,23.29,42.27,15.23,130.22,51.55,Middle East & Africa,Actual,862.8,2023-Q2,17
2023,Q2,Galaxy S23 5G,Flagship,Yes,15202.0,12716664.61,23.97,42.27,16.18,123.52,51.75,Middle East & Africa,Actual,836.51,2023-Q2,17
2023,Q2,Galaxy Z Flip3 5G,Premium Foldable,Yes,300.0,516969.47,24.0,44.09,16.19,130.32,55.51,Middle East & Africa,Actual,1723.23,2023-Q2,17
2023,Q2,Galaxy Z Fold3 5G,Premium Foldable,Yes,300.0,493427.77,24.58,43.02,16.18,124.54,51.77,Middle East & Africa,Actual,1644.76,2023-Q2,17
2023,Q2,Galaxy A14 5G,Budget,Yes,23473.0,5272964.88,22.35,63.29,31.03,206.47,73.79,North America,Actual,224.64,2023-Q2,17
2023,Q2,Galaxy A53 5G,Mid,Yes,8941.0,3849623.31,22.97,64.72,31.04,201.97,75.2,North America,Actual,430.56,2023-Q2,17
2023,Q2,Galaxy A54 5G,Mid,Yes,19665.0,8735692.44,22.05,64.63,31.79,202.15,73.08,North America,Actual,444.23,2023-Q2,17
2023,Q2,Galaxy A73 5G,Mid,Yes,9165.0,3617928.29,21.85,64.96,30.87,203.43,75.53,North America,Actual,394.75,2023-Q2,17
2023,Q2,Galaxy S22 5G,Flagship,Yes,11120.0,9422810.24,21.91,64.04,31.05,205.15,73.31,North America,Actual,847.38,2023-Q2,17
2023,Q2,Galaxy S23 5G,Flagship,Yes,31154.0,26685456.57,22.32,66.36,30.52,204.78,73.39,North America,Actual,856.57,2023-Q2,17
2023,Q2,Galaxy Z Flip3 5G,Premium Foldable,Yes,410.0,683501.21,22.74,64.72,31.67,207.39,73.34,North America,Actual,1667.08,2023-Q2,17
2023,Q2,Galaxy Z Fold3 5G,Premium Foldable,Yes,454.0,781253.29,21.46,66.21,31.04,204.78,72.9,North America,Actual,1720.82,2023-Q2,17
2023,Q3,Galaxy A05,Budget Legacy 4G,No,2685.0,379520.89,15.08,68.51,35.46,208.68,76.17,Asia-Pacific,Actual,141.35,2023-Q3,18
2023,Q3,Galaxy A14 5G,Budget,Yes,57633.0,12620149.64,14.81,69.27,35.81,215.32,72.91,Asia-Pacific,Actual,218.97,2023-Q3,18
2023,Q3,Galaxy A53 5G,Mid,Yes,5181.0,2118803.77,14.39,65.18,35.17,208.93,72.01,Asia-Pacific,Actual,408.96,2023-Q3,18
2023,Q3,Galaxy A54 5G,Mid,Yes,30266.0,12713849.62,15.79,66.45,35.3,213.15,73.85,Asia-Pacific,Actual,420.07,2023-Q3,18
2023,Q3,Galaxy A73 5G,Mid,Yes,4656.0,1949987.0,15.8,67.43,35.49,209.65,71.83,Asia-Pacific,Actual,418.81,2023-Q3,18
2023,Q3,Galaxy S22 5G,Flagship,Yes,3144.0,2661630.26,15.19,70.43,35.54,209.99,74.15,Asia-Pacific,Actual,846.57,2023-Q3,18
2023,Q3,Galaxy S23 5G,Flagship,Yes,26015.0,22060375.17,15.64,67.43,35.21,216.08,75.75,Asia-Pacific,Actual,847.99,2023-Q3,18
2023,Q3,Galaxy Z Flip5 5G,Premium Foldable,Yes,6123.0,9866290.36,15.6,65.78,34.45,214.86,74.39,Asia-Pacific,Actual,1611.35,2023-Q3,18
2023,Q3,Galaxy A05,Budget Legacy 4G,No,300.0,41173.42,23.34,56.92,27.74,188.82,69.46,Europe,Actual,137.24,2023-Q3,18
2023,Q3,Galaxy A14 5G,Budget,Yes,26903.0,6159543.8,22.67,55.3,26.99,186.34,69.52,Europe,Actual,228.95,2023-Q3,18
2023,Q3,Galaxy A53 5G,Mid,Yes,3932.0,1830213.01,22.07,57.57,28.5,187.11,68.72,Europe,Actual,465.47,2023-Q3,18
2023,Q3,Galaxy A54 5G,Mid,Yes,25311.0,10897844.45,23.34,59.37,28.97,191.27,68.2,Europe,Actual,430.56,2023-Q3,18
2023,Q3,Galaxy A73 5G,Mid,Yes,4311.0,1746624.31,22.56,60.34,28.12,191.75,70.04,Europe,Actual,405.16,2023-Q3,18
2023,Q3,Galaxy S22 5G,Flagship,Yes,3417.0,2863949.86,24.18,59.78,28.12,191.11,69.48,Europe,Actual,838.15,2023-Q3,18
2023,Q3,Galaxy S23 5G,Flagship,Yes,29922.0,25824620.51,23.32,59.66,28.55,189.03,69.23,Europe,Actual,863.06,2023-Q3,18
2023,Q3,Galaxy Z Flip5 5G,Premium Foldable,Yes,4715.0,6758728.98,23.78,59.44,27.86,188.41,66.82,Europe,Actual,1433.45,2023-Q3,18
2023,Q3,Galaxy A05,Budget Legacy 4G,No,5275.0,706984.68,25.13,47.83,20.64,147.88,58.0,Latin America,Actual,134.03,2023-Q3,18
2023,Q3,Galaxy A14 5G,Budget,Yes,52998.0,11639417.75,24.98,49.13,22.27,149.91,59.79,Latin America,Actual,219.62,2023-Q3,18
2023,Q3,Galaxy A53 5G,Mid,Yes,4297.0,1811791.4,25.61,49.66,20.96,151.32,59.43,Latin America,Actual,421.64,2023-Q3,18
2023,Q3,Galaxy A54 5G,Mid,Yes,32500.0,15061346.08,23.4,48.24,20.6,146.25,60.03,Latin America,Actual,463.43,2023-Q3,18
2023,Q3,Galaxy A73 5G,Mid,Yes,4145.0,1790723.71,25.41,51.38,21.52,145.81,59.47,Latin America,Actual,432.02,2023-Q3,18
2023,Q3,Galaxy S22 5G,Flagship,Yes,2733.0,2315848.08,25.41,49.34,22.32,147.84,56.99,Latin America,Actual,847.36,2023-Q3,18
2023,Q3,Galaxy S23 5G,Flagship,Yes,17507.0,14905062.36,24.41,49.73,22.56,146.21,59.6,Latin America,Actual,851.38,2023-Q3,18
2023,Q3,Galaxy Z Flip5 5G,Premium Foldable,Yes,2151.0,3717524.0,26.43,50.04,22.71,151.54,58.55,Latin America,Actual,1728.28,2023-Q3,18
2023,Q3,Galaxy A05,Budget Legacy 4G,No,4733.0,669269.35,23.5,42.63,17.14,135.66,55.4,Middle East & Africa,Actual,141.4,2023-Q3,18
2023,Q3,Galaxy A14 5G,Budget,Yes,65663.0,14953949.88,22.93,43.52,17.23,135.88,53.35,Middle East & Africa,Actual,227.74,2023-Q3,18
2023,Q3,Galaxy A53 5G,Mid,Yes,4121.0,1901525.77,24.42,43.97,17.16,131.59,52.02,Middle East & Africa,Actual,461.42,2023-Q3,18
2023,Q3,Galaxy A54 5G,Mid,Yes,27362.0,12696315.87,22.8,42.54,17.14,139.57,55.1,Middle East & Africa,Actual,464.01,2023-Q3,18
2023,Q3,Galaxy A73 5G,Mid,Yes,3792.0,1623615.15,24.17,43.44,17.02,133.15,52.44,Middle East & Africa,Actual,428.17,2023-Q3,18
2023,Q3,Galaxy S22 5G,Flagship,Yes,2817.0,2365311.46,24.47,43.36,18.14,131.23,51.9,Middle East & Africa,Actual,839.66,2023-Q3,18
2023,Q3,Galaxy S23 5G,Flagship,Yes,20969.0,18709884.1,23.5,44.07,16.54,132.36,51.86,Middle East & Africa,Actual,892.26,2023-Q3,18
2023,Q3,Galaxy Z Flip5 5G,Premium Foldable,Yes,2295.0,3772384.69,23.98,43.44,16.79,131.52,53.12,Middle East & Africa,Actual,1643.74,2023-Q3,18
2023,Q3,Galaxy A05,Budget Legacy 4G,No,300.0,40758.86,22.3,68.55,33.02,207.85,74.55,North America,Actual,135.86,2023-Q3,18
2023,Q3,Galaxy A14 5G,Budget,Yes,25847.0,5924530.61,21.64,69.92,32.48,209.37,75.63,North America,Actual,229.22,2023-Q3,18
2023,Q3,Galaxy A53 5G,Mid,Yes,4107.0,1880805.29,22.19,69.08,32.08,213.77,75.33,North America,Actual,457.95,2023-Q3,18
2023,Q3,Galaxy A54 5G,Mid,Yes,30196.0,11574115.73,22.04,69.2,32.27,217.66,74.67,North America,Actual,383.3,2023-Q3,18
2023,Q3,Galaxy A73 5G,Mid,Yes,3704.0,1588318.94,22.81,66.26,33.26,208.55,75.34,North America,Actual,428.81,2023-Q3,18
2023,Q3,Galaxy S22 5G,Flagship,Yes,5236.0,4379113.85,21.58,69.7,32.42,213.65,74.65,North America,Actual,836.35,2023-Q3,18
2023,Q3,Galaxy S23 5G,Flagship,Yes,33167.0,25833842.94,21.13,67.47,32.83,207.89,74.64,North America,Actual,778.9,2023-Q3,18
2023,Q3,Galaxy Z Flip5 5G,Premium Foldable,Yes,5844.0,9574306.97,21.62,70.22,32.85,211.58,74.55,North America,Actual,1638.31,2023-Q3,18
2023,Q4,Galaxy A05,Budget Legacy 4G,No,5661.0,793114.41,15.29,69.69,36.97,222.51,74.65,Asia-Pacific,Actual,140.1,2023-Q4,19
2023,Q4,Galaxy A14 5G,Budget,Yes,54234.0,11762519.48,16.43,69.72,36.82,222.24,74.46,Asia-Pacific,Actual,216.88,2023-Q4,19
2023,Q4,Galaxy A53 5G,Mid,Yes,1499.0,647515.49,14.31,70.71,37.06,228.31,76.89,Asia-Pacific,Actual,431.96,2023-Q4,19
2023,Q4,Galaxy A54 5G,Mid,Yes,30385.0,13687562.25,16.1,70.91,37.2,221.35,74.59,Asia-Pacific,Actual,450.47,2023-Q4,19
2023,Q4,Galaxy A73 5G,Mid,Yes,1400.0,570002.29,15.29,70.33,38.29,224.65,74.64,Asia-Pacific,Actual,407.14,2023-Q4,19
2023,Q4,Galaxy S22 5G,Flagship,Yes,1165.0,915157.24,14.96,72.38,37.2,228.16,77.03,Asia-Pacific,Actual,785.54,2023-Q4,19
2023,Q4,Galaxy S23 5G,Flagship,Yes,23927.0,20283880.24,15.53,67.25,37.06,222.39,77.44,Asia-Pacific,Actual,847.74,2023-Q4,19
2023,Q4,Galaxy Z Flip5 5G,Premium Foldable,Yes,11213.0,19759655.82,14.13,70.33,36.99,221.94,75.36,Asia-Pacific,Actual,1762.21,2023-Q4,19
2023,Q4,Galaxy A05,Budget Legacy 4G,No,511.0,72401.62,23.16,60.29,29.83,196.86,69.25,Europe,Actual,141.69,2023-Q4,19
2023,Q4,Galaxy A14 5G,Budget,Yes,31979.0,6696749.22,23.16,62.18,28.97,198.94,70.46,Europe,Actual,209.41,2023-Q4,19
2023,Q4,Galaxy A53 5G,Mid,Yes,1267.0,528228.09,24.37,60.59,29.1,203.47,70.1,Europe,Actual,416.91,2023-Q4,19
2023,Q4,Galaxy A54 5G,Mid,Yes,23520.0,9862455.96,23.12,60.76,31.11,196.86,68.93,Europe,Actual,419.32,2023-Q4,19
2023,Q4,Galaxy A73 5G,Mid,Yes,1321.0,567109.32,22.89,61.29,30.5,192.31,70.46,Europe,Actual,429.3,2023-Q4,19
2023,Q4,Galaxy S22 5G,Flagship,Yes,1363.0,1128821.82,22.82,60.74,29.73,194.19,71.33,Europe,Actual,828.19,2023-Q4,19
2023,Q4,Galaxy S23 5G,Flagship,Yes,27251.0,21591117.3,23.49,62.02,29.28,198.47,71.32,Europe,Actual,792.31,2023-Q4,19
2023,Q4,Galaxy Z Flip5 5G,Premium Foldable,Yes,7226.0,11640221.05,23.72,62.59,29.89,194.94,71.87,Europe,Actual,1610.88,2023-Q4,19
2023,Q4,Galaxy A05,Budget Legacy 4G,No,7822.0,1045951.81,24.55,52.14,22.87,156.81,59.82,Latin America,Actual,133.72,2023-Q4,19
2023,Q4,Galaxy A14 5G,Budget,Yes,50781.0,11993526.74,25.37,53.03,22.26,154.75,60.56,Latin America,Actual,236.18,2023-Q4,19
2023,Q4,Galaxy A53 5G,Mid,Yes,1442.0,618535.4,25.45,51.95,22.04,152.4,58.41,Latin America,Actual,428.94,2023-Q4,19
2023,Q4,Galaxy A54 5G,Mid,Yes,28124.0,10518703.48,24.55,51.85,22.54,150.1,59.59,Latin America,Actual,374.01,2023-Q4,19
2023,Q4,Galaxy A73 5G,Mid,Yes,1234.0,515712.07,25.52,50.47,22.91,153.2,60.17,Latin America,Actual,417.92,2023-Q4,19
2023,Q4,Galaxy S22 5G,Flagship,Yes,826.0,663404.03,24.52,51.42,22.08,154.58,60.88,Latin America,Actual,803.15,2023-Q4,19
2023,Q4,Galaxy S23 5G,Flagship,Yes,17607.0,14307984.89,24.41,50.54,22.69,156.83,60.78,Latin America,Actual,812.63,2023-Q4,19
2023,Q4,Galaxy Z Flip5 5G,Premium Foldable,Yes,2812.0,4507693.35,24.49,53.63,21.91,155.91,59.93,Latin America,Actual,1603.02,2023-Q4,19
2023,Q4,Galaxy A05,Budget Legacy 4G,No,7291.0,1021562.96,23.56,45.24,18.53,140.3,54.48,Middle East & Africa,Actual,140.11,2023-Q4,19
2023,Q4,Galaxy A14 5G,Budget,Yes,49970.0,10942002.88,23.53,44.66,17.53,137.11,55.47,Middle East & Africa,Actual,218.97,2023-Q4,19
2023,Q4,Galaxy A53 5G,Mid,Yes,1359.0,602210.66,24.2,43.77,18.93,137.38,55.86,Middle East & Africa,Actual,443.13,2023-Q4,19
2023,Q4,Galaxy A54 5G,Mid,Yes,27422.0,12037829.36,24.67,47.05,18.74,140.19,54.85,Middle East & Africa,Actual,438.98,2023-Q4,19
2023,Q4,Galaxy A73 5G,Mid,Yes,1307.0,524329.86,23.59,46.42,17.67,137.38,55.27,Middle East & Africa,Actual,401.17,2023-Q4,19
2023,Q4,Galaxy S22 5G,Flagship,Yes,948.0,855315.62,24.36,46.39,17.57,136.98,54.49,Middle East & Africa,Actual,902.23,2023-Q4,19
2023,Q4,Galaxy S23 5G,Flagship,Yes,19427.0,16469102.44,24.16,45.75,17.87,139.15,55.65,Middle East & Africa,Actual,847.74,2023-Q4,19
2023,Q4,Galaxy Z Flip5 5G,Premium Foldable,Yes,4024.0,6840046.38,23.88,44.62,17.43,134.43,54.79,Middle East & Africa,Actual,1699.81,2023-Q4,19
2023,Q4,Galaxy A05,Budget Legacy 4G,No,300.0,36314.16,23.06,71.17,34.02,224.5,76.9,North America,Actual,121.05,2023-Q4,19
2023,Q4,Galaxy A14 5G,Budget,Yes,25322.0,5332360.74,22.43,70.73,34.01,221.53,77.32,North America,Actual,210.58,2023-Q4,19
2023,Q4,Galaxy A53 5G,Mid,Yes,1196.0,496732.32,22.26,71.18,34.81,214.4,77.04,North America,Actual,415.33,2023-Q4,19
2023,Q4,Galaxy A54 5G,Mid,Yes,26792.0,10627229.38,22.67,70.01,34.81,222.94,77.98,North America,Actual,396.66,2023-Q4,19
2023,Q4,Galaxy A73 5G,Mid,Yes,1295.0,545876.55,22.43,70.87,33.25,224.22,76.46,North America,Actual,421.53,2023-Q4,19
2023,Q4,Galaxy S22 5G,Flagship,Yes,1398.0,1152183.09,23.03,69.9,34.05,218.71,76.82,North America,Actual,824.17,2023-Q4,19
2023,Q4,Galaxy S23 5G,Flagship,Yes,27367.0,23431572.03,21.74,71.54,33.99,220.79,75.99,North America,Actual,856.2,2023-Q4,19
2023,Q4,Galaxy Z Flip5 5G,Premium Foldable,Yes,8713.0,13886658.56,21.39,71.58,33.6,218.96,76.9,North America,Actual,1593.79,2023-Q4,19
2024,Q1,Galaxy A05,Budget Legacy 4G,No,5477.0,739831.08,15.29,72.38,38.58,224.73,76.07,Asia-Pacific,Actual,135.08,2024-Q1,20
2024,Q1,Galaxy A14 5G,Budget,Yes,32141.0,7251386.68,15.15,72.93,38.89,231.58,77.95,Asia-Pacific,Actual,225.61,2024-Q1,20
2024,Q1,Galaxy A15 5G,Budget,Yes,31022.0,6906610.97,14.78,73.19,38.15,230.45,77.1,Asia-Pacific,Actual,222.64,2024-Q1,20
2024,Q1,Galaxy A54 5G,Mid,Yes,20095.0,8088819.18,15.02,74.57,38.24,230.58,77.32,Asia-Pacific,Actual,402.53,2024-Q1,20
2024,Q1,Galaxy A55 5G,Mid,Yes,17555.0,8568682.44,14.34,71.42,39.61,223.6,77.28,Asia-Pacific,Actual,488.1,2024-Q1,20
2024,Q1,Galaxy S23 5G,Flagship,Yes,16741.0,14416308.57,14.8,72.93,39.12,222.51,75.94,Asia-Pacific,Actual,861.14,2024-Q1,20
2024,Q1,Galaxy S24 5G,Flagship,Yes,14995.0,13812163.93,14.91,76.05,38.92,225.79,76.96,Asia-Pacific,Actual,921.12,2024-Q1,20
2024,Q1,Galaxy Z Flip5 5G,Premium Foldable,Yes,11348.0,18259342.02,14.91,71.78,39.39,228.88,75.97,Asia-Pacific,Actual,1609.04,2024-Q1,20
2024,Q1,Galaxy A05,Budget Legacy 4G,No,473.0,66273.39,22.71,65.43,30.16,198.34,71.85,Europe,Actual,140.11,2024-Q1,20
2024,Q1,Galaxy A14 5G,Budget,Yes,20003.0,4266802.76,23.55,63.85,31.57,203.55,73.41,Europe,Actual,213.31,2024-Q1,20
2024,Q1,Galaxy A15 5G,Budget,Yes,19489.0,4174702.66,22.69,64.01,30.88,208.45,70.47,Europe,Actual,214.21,2024-Q1,20
2024,Q1,Galaxy A54 5G,Mid,Yes,17412.0,7703695.04,23.24,62.45,31.74,202.25,71.3,Europe,Actual,442.44,2024-Q1,20
2024,Q1,Galaxy A55 5G,Mid,Yes,13521.0,5922445.41,22.83,64.7,30.28,208.21,72.5,Europe,Actual,438.02,2024-Q1,20
2024,Q1,Galaxy S23 5G,Flagship,Yes,17066.0,13214216.9,22.66,62.64,31.06,202.47,72.35,Europe,Actual,774.3,2024-Q1,20
2024,Q1,Galaxy S24 5G,Flagship,Yes,16025.0,13918197.18,23.61,63.18,31.09,204.96,72.35,Europe,Actual,868.53,2024-Q1,20
2024,Q1,Galaxy Z Flip5 5G,Premium Foldable,Yes,8715.0,15575953.11,22.44,64.25,31.81,203.87,73.06,Europe,Actual,1787.26,2024-Q1,20
2024,Q1,Galaxy A05,Budget Legacy 4G,No,8483.0,1272790.74,24.75,54.04,24.14,159.13,62.46,Latin America,Actual,150.04,2024-Q1,20
2024,Q1,Galaxy A14 5G,Budget,Yes,40969.0,9546875.92,25.36,54.49,23.48,160.24,61.36,Latin America,Actual,233.03,2024-Q1,20
2024,Q1,Galaxy A15 5G,Budget,Yes,30783.0,6103173.14,24.69,53.08,23.89,157.87,61.88,Latin America,Actual,198.26,2024-Q1,20
2024,Q1,Galaxy A54 5G,Mid,Yes,18357.0,8098186.88,25.36,56.76,24.19,163.78,59.52,Latin America,Actual,441.15,2024-Q1,20
2024,Q1,Galaxy A55 5G,Mid,Yes,17182.0,7158938.6,24.5,51.58,23.43,162.38,61.15,Latin America,Actual,416.65,2024-Q1,20
2024,Q1,Galaxy S23 5G,Flagship,Yes,12163.0,10197664.14,23.66,54.27,23.92,158.34,61.45,Latin America,Actual,838.42,2024-Q1,20
2024,Q1,Galaxy S24 5G,Flagship,Yes,10468.0,9222098.65,25.51,54.47,23.53,155.25,61.45,Latin America,Actual,880.98,2024-Q1,20
2024,Q1,Galaxy Z Flip5 5G,Premium Foldable,Yes,3440.0,5743701.9,25.18,54.7,23.2,161.34,62.41,Latin America,Actual,1669.68,2024-Q1,20
2024,Q1,Galaxy A05,Budget Legacy 4G,No,8113.0,1184650.81,24.17,45.64,18.95,148.15,56.46,Middle East & Africa,Actual,146.02,2024-Q1,20
2024,Q1,Galaxy A14 5G,Budget,Yes,36809.0,8065216.65,24.43,48.13,19.02,146.55,57.01,Middle East & Africa,Actual,219.11,2024-Q1,20
2024,Q1,Galaxy A15 5G,Budget,Yes,33673.0,7342277.91,23.66,46.59,19.56,141.43,56.03,Middle East & Africa,Actual,218.05,2024-Q1,20
2024,Q1,Galaxy A54 5G,Mid,Yes,17909.0,7815930.49,24.2,47.73,20.23,142.84,55.18,Middle East & Africa,Actual,436.42,2024-Q1,20
2024,Q1,Galaxy A55 5G,Mid,Yes,16327.0,6516136.43,23.78,46.38,19.19,146.56,55.29,Middle East & Africa,Actual,399.1,2024-Q1,20
2024,Q1,Galaxy S23 5G,Flagship,Yes,13457.0,10330777.55,23.8,48.6,19.33,145.67,54.64,Middle East & Africa,Actual,767.69,2024-Q1,20
2024,Q1,Galaxy S24 5G,Flagship,Yes,11245.0,9992176.54,23.58,47.21,19.62,146.61,55.43,Middle East & Africa,Actual,888.59,2024-Q1,20
2024,Q1,Galaxy Z Flip5 5G,Premium Foldable,Yes,4789.0,7720200.45,23.23,47.83,19.92,138.43,57.1,Middle East & Africa,Actual,1612.07,2024-Q1,20
2024,Q1,Galaxy A05,Budget Legacy 4G,No,300.0,39627.32,22.06,74.56,36.6,226.76,78.52,North America,Actual,132.09,2024-Q1,20
2024,Q1,Galaxy A14 5G,Budget,Yes,15745.0,3564002.99,22.96,74.15,35.13,227.02,77.53,North America,Actual,226.36,2024-Q1,20
2024,Q1,Galaxy A15 5G,Budget,Yes,14062.0,3107730.54,22.64,71.73,35.76,226.44,78.31,North America,Actual,221.0,2024-Q1,20
2024,Q1,Galaxy A54 5G,Mid,Yes,18284.0,7209732.34,21.82,73.02,36.8,236.37,76.93,North America,Actual,394.32,2024-Q1,20
2024,Q1,Galaxy A55 5G,Mid,Yes,12858.0,4918006.47,23.58,73.78,37.02,232.99,77.89,North America,Actual,382.49,2024-Q1,20
2024,Q1,Galaxy S23 5G,Flagship,Yes,22708.0,20214649.33,21.03,73.58,35.35,227.02,75.78,North America,Actual,890.2,2024-Q1,20
2024,Q1,Galaxy S24 5G,Flagship,Yes,18471.0,15645686.52,21.85,72.1,35.74,225.86,78.82,North America,Actual,847.04,2024-Q1,20
2024,Q1,Galaxy Z Flip5 5G,Premium Foldable,Yes,10334.0,17185781.79,21.51,74.32,36.8,228.45,77.18,North America,Actual,1663.03,2024-Q1,20
2024,Q2,Galaxy A05,Budget Legacy 4G,No,3450.0,463496.67,15.6,77.2,40.4,231.02,78.93,Asia-Pacific,Actual,134.35,2024-Q2,21
2024,Q2,Galaxy A14 5G,Budget,Yes,15998.0,3510782.19,13.36,76.15,40.71,243.28,78.11,Asia-Pacific,Actual,219.45,2024-Q2,21
2024,Q2,Galaxy A15 5G,Budget,Yes,42405.0,9041198.26,15.15,77.06,39.64,236.19,78.58,Asia-Pacific,Actual,213.21,2024-Q2,21
2024,Q2,Galaxy A54 5G,Mid,Yes,10572.0,4464966.05,14.79,74.96,40.45,234.45,79.68,Asia-Pacific,Actual,422.34,2024-Q2,21
2024,Q2,Galaxy A55 5G,Mid,Yes,25818.0,11021994.46,15.15,73.29,39.82,242.79,78.78,Asia-Pacific,Actual,426.91,2024-Q2,21
2024,Q2,Galaxy S23 5G,Flagship,Yes,8299.0,6878652.45,14.8,74.85,41.6,239.94,78.7,Asia-Pacific,Actual,828.85,2024-Q2,21
2024,Q2,Galaxy S24 5G,Flagship,Yes,25440.0,20702574.72,15.33,75.75,40.9,240.74,78.39,Asia-Pacific,Actual,813.78,2024-Q2,21
2024,Q2,Galaxy Z Flip5 5G,Premium Foldable,Yes,9997.0,16325457.91,15.59,75.9,39.86,241.45,79.83,Asia-Pacific,Actual,1633.04,2024-Q2,21
2024,Q2,Galaxy A05,Budget Legacy 4G,No,300.0,38407.73,23.63,67.21,34.16,213.5,74.31,Europe,Actual,128.03,2024-Q2,21
2024,Q2,Galaxy A14 5G,Budget,Yes,11945.0,2590440.04,23.68,67.22,32.65,212.5,74.0,Europe,Actual,216.86,2024-Q2,21
2024,Q2,Galaxy A15 5G,Budget,Yes,28862.0,6279194.47,23.22,65.88,32.08,209.95,72.87,Europe,Actual,217.56,2024-Q2,21
2024,Q2,Galaxy A54 5G,Mid,Yes,10862.0,4345823.78,23.8,64.95,32.43,206.57,73.85,Europe,Actual,400.09,2024-Q2,21
2024,Q2,Galaxy A55 5G,Mid,Yes,24862.0,10451235.91,23.25,66.99,32.89,210.06,73.49,Europe,Actual,420.37,2024-Q2,21
2024,Q2,Galaxy S23 5G,Flagship,Yes,9072.0,7265332.32,23.66,68.03,33.1,215.03,75.35,Europe,Actual,800.85,2024-Q2,21
2024,Q2,Galaxy S24 5G,Flagship,Yes,25482.0,22714118.29,22.58,66.93,32.41,212.22,71.43,Europe,Actual,891.38,2024-Q2,21
2024,Q2,Galaxy Z Flip5 5G,Premium Foldable,Yes,7366.0,11309630.11,23.52,66.89,32.98,212.22,74.75,Europe,Actual,1535.38,2024-Q2,21
2024,Q2,Galaxy A05,Budget Legacy 4G,No,4320.0,620470.94,24.81,54.42,24.05,163.0,60.81,Latin America,Actual,143.63,2024-Q2,21
2024,Q2,Galaxy A14 5G,Budget,Yes,18456.0,4012425.17,25.13,55.0,25.26,166.29,61.43,Latin America,Actual,217.4,2024-Q2,21
2024,Q2,Galaxy A15 5G,Budget,Yes,48344.0,11542154.8,24.24,58.42,24.33,161.78,62.62,Latin America,Actual,238.75,2024-Q2,21
2024,Q2,Galaxy A54 5G,Mid,Yes,10078.0,4182819.78,24.55,57.22,24.96,164.1,60.76,Latin America,Actual,415.04,2024-Q2,21
2024,Q2,Galaxy A55 5G,Mid,Yes,25985.0,10486972.42,24.78,56.46,25.2,164.34,62.96,Latin America,Actual,403.58,2024-Q2,21
2024,Q2,Galaxy S23 5G,Flagship,Yes,6558.0,5935231.91,25.56,56.8,24.79,167.16,62.41,Latin America,Actual,905.04,2024-Q2,21
2024,Q2,Galaxy S24 5G,Flagship,Yes,13991.0,11645805.59,24.75,56.12,24.79,162.62,61.53,Latin America,Actual,832.38,2024-Q2,21
2024,Q2,Galaxy Z Flip5 5G,Premium Foldable,Yes,2970.0,4870277.62,24.78,56.46,24.41,167.51,62.25,Latin America,Actual,1639.82,2024-Q2,21
2024,Q2,Galaxy A05,Budget Legacy 4G,No,4451.0,562646.57,23.75,49.88,19.74,148.2,58.09,Middle East & Africa,Actual,126.41,2024-Q2,21
2024,Q2,Galaxy A14 5G,Budget,Yes,19197.0,4375782.19,23.81,49.46,20.67,146.01,57.49,Middle East & Africa,Actual,227.94,2024-Q2,21
2024,Q2,Galaxy A15 5G,Budget,Yes,47669.0,10380493.32,23.39,51.27,19.73,148.61,58.6,Middle East & Africa,Actual,217.76,2024-Q2,21
2024,Q2,Galaxy A54 5G,Mid,Yes,9505.0,4083480.29,24.5,50.61,20.12,149.48,57.47,Middle East & Africa,Actual,429.61,2024-Q2,21
2024,Q2,Galaxy A55 5G,Mid,Yes,20919.0,8748169.67,23.59,47.97,19.16,145.01,57.67,Middle East & Africa,Actual,418.19,2024-Q2,21
2024,Q2,Galaxy S23 5G,Flagship,Yes,6206.0,5553069.17,24.38,51.11,20.35,149.12,57.71,Middle East & Africa,Actual,894.79,2024-Q2,21
2024,Q2,Galaxy S24 5G,Flagship,Yes,17402.0,14803309.85,23.45,50.76,18.79,148.2,59.0,Middle East & Africa,Actual,850.67,2024-Q2,21
2024,Q2,Galaxy Z Flip5 5G,Premium Foldable,Yes,3918.0,6934281.44,24.24,49.31,20.57,147.68,56.96,Middle East & Africa,Actual,1769.85,2024-Q2,21
2024,Q2,Galaxy A05,Budget Legacy 4G,No,300.0,40570.96,22.13,75.45,37.07,243.04,81.18,North America,Actual,135.24,2024-Q2,21
2024,Q2,Galaxy A14 5G,Budget,Yes,8073.0,1654841.97,21.63,77.27,37.16,240.87,79.69,North America,Actual,204.98,2024-Q2,21
2024,Q2,Galaxy A15 5G,Budget,Yes,22263.0,4981570.6,22.32,76.29,37.57,236.16,80.09,North America,Actual,223.76,2024-Q2,21
2024,Q2,Galaxy A54 5G,Mid,Yes,8457.0,3764126.3,22.15,77.17,37.01,240.2,80.09,North America,Actual,445.09,2024-Q2,21
2024,Q2,Galaxy A55 5G,Mid,Yes,25176.0,10720558.31,23.01,76.16,37.66,232.09,78.71,North America,Actual,425.82,2024-Q2,21
2024,Q2,Galaxy S23 5G,Flagship,Yes,10133.0,7944887.37,22.95,77.06,36.91,238.87,80.67,North America,Actual,784.06,2024-Q2,21
2024,Q2,Galaxy S24 5G,Flagship,Yes,34356.0,28933723.17,22.57,76.06,37.68,237.97,78.53,North America,Actual,842.17,2024-Q2,21
2024,Q2,Galaxy Z Flip5 5G,Premium Foldable,Yes,7980.0,12913092.42,22.31,75.83,37.16,241.12,81.15,North America,Actual,1618.18,2024-Q2,21
2024,Q3,Galaxy A05,Budget Legacy 4G,No,1213.0,168160.24,13.89,79.22,41.91,253.19,80.69,Asia-Pacific,Actual,138.63,2024-Q3,22
2024,Q3,Galaxy A06 4G,Budget Legacy 4G,No,3281.0,442097.99,14.96,77.01,42.14,246.48,80.19,Asia-Pacific,Actual,134.74,2024-Q3,22
2024,Q3,Galaxy A14 5G,Budget,Yes,7327.0,1516589.22,14.56,94.6,41.8,248.15,80.87,Asia-Pacific,Actual,206.99,2024-Q3,22
2024,Q3,Galaxy A15 5G,Budget,Yes,51997.0,11607233.78,15.3,79.59,41.22,244.76,81.29,Asia-Pacific,Actual,223.23,2024-Q3,22
2024,Q3,Galaxy A54 5G,Mid,Yes,4013.0,1707258.15,15.02,78.58,41.91,246.89,79.21,Asia-Pacific,Actual,425.43,2024-Q3,22
2024,Q3,Galaxy A55 5G,Mid,Yes,30261.0,12910659.7,15.23,78.41,42.68,243.48,79.16,Asia-Pacific,Actual,426.64,2024-Q3,22
2024,Q3,Galaxy S23 5G,Flagship,Yes,3151.0,2734689.04,14.6,79.14,42.38,248.66,79.35,Asia-Pacific,Actual,867.88,2024-Q3,22
2024,Q3,Galaxy S24 5G,Flagship,Yes,22143.0,18474349.4,15.45,78.86,43.02,248.1,80.0,Asia-Pacific,Actual,834.32,2024-Q3,22
2024,Q3,Galaxy Z Flip5 5G,Premium Foldable,Yes,120560.0,10631726.73,16.24,78.7,41.52,240.74,79.19,Asia-Pacific,Actual,88.19,2024-Q3,22
2024,Q3,Galaxy Z Fold6 5G,Premium Foldable,Yes,6018.0,10018879.76,16.82,78.86,41.61,255.47,79.56,Asia-Pacific,Actual,1664.82,2024-Q3,22
2024,Q3,Galaxy A05,Budget Legacy 4G,No,300.0,43726.34,22.94,69.16,33.1,213.35,75.03,Europe,Actual,145.75,2024-Q3,22
2024,Q3,Galaxy A06 4G,Budget Legacy 4G,No,338.0,48354.24,23.17,68.44,33.29,225.61,74.43,Europe,Actual,143.06,2024-Q3,22
2024,Q3,Galaxy A14 5G,Budget,Yes,3446.0,768698.95,21.93,70.14,33.14,223.61,74.98,Europe,Actual,223.07,2024-Q3,22
2024,Q3,Galaxy A15 5G,Budget,Yes,34511.0,8336415.38,23.22,71.16,33.51,219.94,74.82,Europe,Actual,241.56,2024-Q3,22
2024,Q3,Galaxy A54 5G,Mid,Yes,4569.0,1884434.59,23.41,69.64,33.9,213.74,75.01,Europe,Actual,412.44,2024-Q3,22
2024,Q3,Galaxy A55 5G,Mid,Yes,24711.0,10387761.64,23.32,68.81,33.2,220.64,74.84,Europe,Actual,420.37,2024-Q3,22
2024,Q3,Galaxy S23 5G,Flagship,Yes,3576.0,2893884.85,23.83,69.16,32.5,223.23,74.19,Europe,Actual,809.25,2024-Q3,22
2024,Q3,Galaxy S24 5G,Flagship,Yes,30048.0,25118387.23,22.21,68.69,33.29,218.99,76.03,Europe,Actual,835.94,2024-Q3,22
2024,Q3,Galaxy Z Flip5 5G,Premium Foldable,Yes,5840.0,8624530.15,23.17,71.16,33.92,220.21,74.78,Europe,Actual,1476.8,2024-Q3,22
2024,Q3,Galaxy Z Fold6 5G,Premium Foldable,Yes,4454.0,7374223.47,22.98,67.41,33.04,218.51,76.26,Europe,Actual,1655.64,2024-Q3,22
2024,Q3,Galaxy A05,Budget Legacy 4G,No,1669.0,234336.03,25.62,58.99,26.42,171.51,64.42,Latin America,Actual,140.41,2024-Q3,22
2024,Q3,Galaxy A06 4G,Budget Legacy 4G,No,4385.0,614886.63,25.16,59.17,26.01,169.02,66.13,Latin America,Actual,140.23,2024-Q3,22
2024,Q3,Galaxy A14 5G,Budget,Yes,8152.0,1735094.03,25.27,56.57,25.52,180.27,62.62,Latin America,Actual,212.84,2024-Q3,22
2024,Q3,Galaxy A15 5G,Budget,Yes,56607.0,12720258.74,25.37,58.7,26.15,164.85,63.64,Latin America,Actual,224.71,2024-Q3,22
2024,Q3,Galaxy A54 5G,Mid,Yes,4575.0,1978224.8,24.66,59.05,24.95,175.58,63.91,Latin America,Actual,432.4,2024-Q3,22
2024,Q3,Galaxy A55 5G,Mid,Yes,31550.0,11946767.53,24.14,57.14,26.01,169.32,63.76,Latin America,Actual,378.66,2024-Q3,22
2024,Q3,Galaxy S23 5G,Flagship,Yes,2603.0,2241934.54,24.29,56.7,25.93,171.36,64.01,Latin America,Actual,861.29,2024-Q3,22
2024,Q3,Galaxy S24 5G,Flagship,Yes,19416.0,16086086.81,24.79,58.78,26.2,179.15,64.37,Latin America,Actual,828.5,2024-Q3,22
2024,Q3,Galaxy Z Flip5 5G,Premium Foldable,Yes,2334.0,4450506.42,25.51,58.46,25.67,170.03,63.91,Latin America,Actual,1906.82,2024-Q3,22
2024,Q3,Galaxy Z Fold6 5G,Premium Foldable,Yes,1947.0,3092855.56,24.05,59.0,26.01,177.13,62.55,Latin America,Actual,1588.52,2024-Q3,22
2024,Q3,Galaxy A05,Budget Legacy 4G,No,1492.0,209108.51,23.94,53.02,20.12,158.93,57.98,Middle East & Africa,Actual,140.15,2024-Q3,22
2024,Q3,Galaxy A06 4G,Budget Legacy 4G,No,4153.0,607540.63,23.06,67.23,20.62,156.45,60.09,Middle East & Africa,Actual,146.29,2024-Q3,22
2024,Q3,Galaxy A14 5G,Budget,Yes,8463.0,1847885.16,22.85,52.0,20.73,154.8,58.13,Middle East & Africa,Actual,218.35,2024-Q3,22
2024,Q3,Galaxy A15 5G,Budget,Yes,68846.0,15472414.7,23.67,51.74,20.57,159.06,57.99,Middle East & Africa,Actual,224.74,2024-Q3,22
2024,Q3,Galaxy A54 5G,Mid,Yes,4184.0,1751596.2,24.01,52.61,20.11,158.62,59.43,Middle East & Africa,Actual,418.64,2024-Q3,22
2024,Q3,Galaxy A55 5G,Mid,Yes,28808.0,11334378.93,24.49,53.17,20.29,157.54,57.41,Middle East & Africa,Actual,393.45,2024-Q3,22
2024,Q3,Galaxy S23 5G,Flagship,Yes,2652.0,2234146.88,24.49,52.12,20.45,159.17,57.21,Middle East & Africa,Actual,842.44,2024-Q3,22
2024,Q3,Galaxy S24 5G,Flagship,Yes,21097.0,18255586.83,23.48,52.61,20.69,152.76,58.51,Middle East & Africa,Actual,865.32,2024-Q3,22
2024,Q3,Galaxy Z Flip5 5G,Premium Foldable,Yes,2714.0,4642184.1,24.58,51.18,19.72,157.54,57.98,Middle East & Africa,Actual,1710.46,2024-Q3,22
2024,Q3,Galaxy Z Fold6 5G,Premium Foldable,Yes,2398.0,3888801.86,24.04,52.94,20.84,155.35,57.99,Middle East & Africa,Actual,1621.69,2024-Q3,22
2024,Q3,Galaxy A05,Budget Legacy 4G,No,300.0,45466.2,22.5,81.4,40.48,247.24,78.68,North America,Actual,151.55,2024-Q3,22
2024,Q3,Galaxy A06 4G,Budget Legacy 4G,No,300.0,40785.96,21.63,79.53,39.76,242.47,81.19,North America,Actual,135.95,2024-Q3,22
2024,Q3,Galaxy A14 5G,Budget,Yes,3494.0,765020.63,22.17,80.64,38.62,246.05,81.6,North America,Actual,218.95,2024-Q3,22
2024,Q3,Galaxy A15 5G,Budget,Yes,23406.0,5020536.07,22.47,79.01,39.43,250.55,80.92,North America,Actual,214.5,2024-Q3,22
2024,Q3,Galaxy A54 5G,Mid,Yes,3672.0,1478572.19,22.45,80.34,39.53,247.22,80.92,North America,Actual,402.66,2024-Q3,22
2024,Q3,Galaxy A55 5G,Mid,Yes,26215.0,10877810.21,21.79,79.62,38.95,247.76,82.1,North America,Actual,414.95,2024-Q3,22
2024,Q3,Galaxy S23 5G,Flagship,Yes,4422.0,3672505.75,21.97,80.46,38.63,247.19,80.8,North America,Actual,830.51,2024-Q3,22
2024,Q3,Galaxy S24 5G,Flagship,Yes,34649.0,28580934.37,22.45,78.3,39.18,244.09,82.53,North America,Actual,824.87,2024-Q3,22
2024,Q3,Galaxy Z Flip5 5G,Premium Foldable,Yes,6236.0,10213667.3,22.39,79.87,39.73,242.41,78.58,North America,Actual,1637.86,2024-Q3,22
2024,Q3,Galaxy Z Fold6 5G,Premium Foldable,Yes,5121.0,8469855.36,23.13,79.83,38.99,243.15,80.3,North America,Actual,1653.95,2024-Q3,22
2024,Q4,Galaxy A05,Budget Legacy 4G,No,300.0,45232.2,15.33,81.16,43.98,253.68,82.69,Asia-Pacific,Actual,150.77,2024-Q4,23
2024,Q4,Galaxy A06 4G,Budget Legacy 4G,No,5684.0,839319.84,14.88,83.92,44.09,256.27,83.73,Asia-Pacific,Actual,147.66,2024-Q4,23
2024,Q4,Galaxy A14 5G,Budget,Yes,2372.0,520342.44,14.62,82.28,44.54,249.35,79.85,Asia-Pacific,Actual,219.37,2024-Q4,23
2024,Q4,Galaxy A15 5G,Budget,Yes,49235.0,11120477.09,14.61,81.55,45.06,248.92,81.15,Asia-Pacific,Actual,225.87,2024-Q4,23
2024,Q4,Galaxy A16 5G,Budget,Yes,31364.0,6682243.59,15.55,81.26,43.97,248.04,81.62,Asia-Pacific,Actual,213.05,2024-Q4,23
2024,Q4,Galaxy A54 5G,Mid,Yes,1276.0,525374.97,15.42,81.79,44.05,259.08,81.65,Asia-Pacific,Actual,411.74,2024-Q4,23
2024,Q4,Galaxy A55 5G,Mid,Yes,27567.0,11734036.62,14.3,81.24,43.39,254.31,81.68,Asia-Pacific,Actual,425.66,2024-Q4,23
2024,Q4,Galaxy S23 5G,Flagship,Yes,1090.0,976268.48,14.83,81.92,43.56,256.55,82.14,Asia-Pacific,Actual,895.66,2024-Q4,23
2024,Q4,Galaxy S24 5G,Flagship,Yes,26005.0,22119115.51,15.68,82.05,43.38,253.96,81.29,Asia-Pacific,Actual,850.57,2024-Q4,23
2024,Q4,Galaxy Z Flip5 5G,Premium Foldable,Yes,4146.0,6790755.25,14.62,82.96,44.02,253.3,82.29,Asia-Pacific,Actual,1637.91,2024-Q4,23
2024,Q4,Galaxy Z Fold6 5G,Premium Foldable,Yes,9171.0,14348196.0,14.13,82.87,45.24,253.18,82.1,Asia-Pacific,Actual,1564.52,2024-Q4,23
2024,Q4,Galaxy A05,Budget Legacy 4G,No,300.0,42927.49,22.86,71.65,34.97,229.59,75.59,Europe,Actual,143.09,2024-Q4,23
2024,Q4,Galaxy A06 4G,Budget Legacy 4G,No,427.0,60338.91,22.57,70.72,35.02,225.3,77.05,Europe,Actual,141.31,2024-Q4,23
2024,Q4,Galaxy A14 5G,Budget,Yes,1440.0,312875.6,23.13,72.71,34.72,229.2,74.59,Europe,Actual,217.27,2024-Q4,23
2024,Q4,Galaxy A15 5G,Budget,Yes,31294.0,6361798.96,23.29,71.96,35.36,229.41,77.23,Europe,Actual,203.29,2024-Q4,23
2024,Q4,Galaxy A16 5G,Budget,Yes,19348.0,4135312.11,23.02,72.4,34.18,229.43,77.04,Europe,Actual,213.73,2024-Q4,23
2024,Q4,Galaxy A54 5G,Mid,Yes,1335.0,551866.54,23.29,87.44,35.83,231.15,77.34,Europe,Actual,413.38,2024-Q4,23
2024,Q4,Galaxy A55 5G,Mid,Yes,24032.0,9892803.73,23.67,71.98,34.35,230.61,75.97,Europe,Actual,411.65,2024-Q4,23
2024,Q4,Galaxy S23 5G,Flagship,Yes,1306.0,1074710.7,23.05,72.0,34.67,229.0,77.45,Europe,Actual,822.9,2024-Q4,23
2024,Q4,Galaxy S24 5G,Flagship,Yes,25977.0,24363818.08,23.95,73.97,35.05,224.33,77.01,Europe,Actual,937.9,2024-Q4,23
2024,Q4,Galaxy Z Flip5 5G,Premium Foldable,Yes,3105.0,4807014.32,23.62,71.73,34.24,226.94,75.76,Europe,Actual,1548.15,2024-Q4,23
2024,Q4,Galaxy Z Fold6 5G,Premium Foldable,Yes,6622.0,10262633.19,22.24,71.28,34.84,225.2,78.22,Europe,Actual,1549.78,2024-Q4,23
2024,Q4,Galaxy A05,Budget Legacy 4G,No,311.0,40315.55,24.29,59.9,26.91,173.73,62.79,Latin America,Actual,129.63,2024-Q4,23
2024,Q4,Galaxy A06 4G,Budget Legacy 4G,No,6915.0,1055498.83,25.12,60.03,26.31,178.54,64.71,Latin America,Actual,152.64,2024-Q4,23
2024,Q4,Galaxy A14 5G,Budget,Yes,2435.0,513048.65,25.94,59.85,26.71,177.16,65.53,Latin America,Actual,210.7,2024-Q4,23
2024,Q4,Galaxy A15 5G,Budget,Yes,48195.0,11002321.56,25.45,61.65,26.35,173.49,63.66,Latin America,Actual,228.29,2024-Q4,23
2024,Q4,Galaxy A16 5G,Budget,Yes,34707.0,7121969.89,24.94,64.07,25.48,176.84,65.2,Latin America,Actual,205.2,2024-Q4,23
2024,Q4,Galaxy A54 5G,Mid,Yes,1525.0,611154.82,24.81,61.3,27.44,177.33,65.83,Latin America,Actual,400.76,2024-Q4,23
2024,Q4,Galaxy A55 5G,Mid,Yes,26952.0,11873883.66,25.89,61.36,26.43,177.07,63.93,Latin America,Actual,440.56,2024-Q4,23
2024,Q4,Galaxy S23 5G,Flagship,Yes,897.0,693025.65,25.28,60.54,26.18,180.3,64.68,Latin America,Actual,772.6,2024-Q4,23
2024,Q4,Galaxy S24 5G,Flagship,Yes,15228.0,13429757.35,24.31,62.34,26.74,180.51,65.08,Latin America,Actual,881.91,2024-Q4,23
2024,Q4,Galaxy Z Flip5 5G,Premium Foldable,Yes,1294.0,2119681.7,24.53,60.37,26.06,178.04,66.19,Latin America,Actual,1638.08,2024-Q4,23
2024,Q4,Galaxy Z Fold6 5G,Premium Foldable,Yes,3047.0,5284669.33,23.83,60.62,26.71,177.84,65.04,Latin America,Actual,1734.38,2024-Q4,23
2024,Q4,Galaxy A05,Budget Legacy 4G,No,351.0,50980.99,24.15,53.65,21.18,167.0,61.59,Middle East & Africa,Actual,145.24,2024-Q4,23
2024,Q4,Galaxy A06 4G,Budget Legacy 4G,No,7457.0,1007046.48,23.77,54.18,20.95,172.09,60.61,Middle East & Africa,Actual,135.05,2024-Q4,23
2024,Q4,Galaxy A14 5G,Budget,Yes,2814.0,586559.01,24.14,54.22,22.18,161.75,59.84,Middle East & Africa,Actual,208.44,2024-Q4,23
2024,Q4,Galaxy A15 5G,Budget,Yes,53465.0,11697604.12,23.78,54.2,21.71,164.86,58.99,Middle East & Africa,Actual,218.79,2024-Q4,23
2024,Q4,Galaxy A16 5G,Budget,Yes,34621.0,7387974.52,23.55,53.9,21.61,163.82,61.02,Middle East & Africa,Actual,213.4,2024-Q4,23
2024,Q4,Galaxy A54 5G,Mid,Yes,1296.0,545393.59,23.65,54.13,22.51,159.93,59.91,Middle East & Africa,Actual,420.83,2024-Q4,23
2024,Q4,Galaxy A55 5G,Mid,Yes,25512.0,9947226.05,23.33,56.23,21.42,164.77,60.43,Middle East & Africa,Actual,389.9,2024-Q4,23
2024,Q4,Galaxy S23 5G,Flagship,Yes,928.0,779686.62,23.79,54.74,21.67,161.2,60.18,Middle East & Africa,Actual,840.18,2024-Q4,23
2024,Q4,Galaxy S24 5G,Flagship,Yes,19554.0,16973171.23,24.54,55.47,20.76,159.7,59.59,Middle East & Africa,Actual,868.02,2024-Q4,23
2024,Q4,Galaxy Z Flip5 5G,Premium Foldable,Yes,33140.0,2786430.05,24.47,55.16,21.29,168.06,61.99,Middle East & Africa,Actual,84.08,2024-Q4,23
2024,Q4,Galaxy Z Fold6 5G,Premium Foldable,Yes,3631.0,6020786.36,24.04,53.61,22.55,163.24,59.32,Middle East & Africa,Actual,1658.16,2024-Q4,23
2024,Q4,Galaxy A05,Budget Legacy 4G,No,300.0,45513.02,23.32,81.76,40.26,251.15,83.43,North America,Actual,151.71,2024-Q4,23
2024,Q4,Galaxy A06 4G,Budget Legacy 4G,No,300.0,41044.08,21.9,81.47,41.2,255.23,80.88,North America,Actual,136.81,2024-Q4,23
2024,Q4,Galaxy A14 5G,Budget,Yes,1105.0,260448.9,21.54,81.25,40.36,249.21,81.94,North America,Actual,235.7,2024-Q4,23
2024,Q4,Galaxy A15 5G,Budget,Yes,356380.0,3875665.18,22.48,95.44,40.17,256.53,82.58,North America,Actual,10.88,2024-Q4,23
2024,Q4,Galaxy A16 5G,Budget,Yes,14820.0,3411834.5,22.41,81.19,40.24,253.35,82.56,North America,Actual,230.22,2024-Q4,23
2024,Q4,Galaxy A54 5G,Mid,Yes,1153.0,515141.04,22.49,83.58,42.29,251.45,82.8,North America,Actual,446.78,2024-Q4,23
2024,Q4,Galaxy A55 5G,Mid,Yes,23996.0,10673893.83,22.35,82.32,40.09,257.52,81.53,North America,Actual,444.82,2024-Q4,23
2024,Q4,Galaxy S23 5G,Flagship,Yes,1545.0,1309762.87,22.4,84.59,39.97,257.43,83.38,North America,Actual,847.74,2024-Q4,23
2024,Q4,Galaxy S24 5G,Flagship,Yes,30927.0,27076868.42,22.25,80.99,40.54,250.78,85.14,North America,Actual,875.51,2024-Q4,23
2024,Q4,Galaxy Z Flip5 5G,Premium Foldable,Yes,3741.0,6220588.34,22.39,81.81,39.54,252.46,82.28,North America,Actual,1662.81,2024-Q4,23
2024,Q4,Galaxy Z Fold6 5G,Premium Foldable,Yes,8202.0,13909486.12,22.89,82.58,41.07,252.72,82.59,North America,Actual,1695.87,2024-Q4,23
2025,Q1,Galaxy A06 4G,Budget Legacy 4G,No,5584.0,783909.95,15.12,83.74,44.92,263.88,82.27,Asia-Pacific,Actual,140.39,2025-Q1,24
2025,Q1,Galaxy A15 5G,Budget,Yes,729900.0,7605118.81,16.22,83.7,45.7,264.63,84.72,Asia-Pacific,Actual,10.42,2025-Q1,24
2025,Q1,Galaxy A16 5G,Budget,Yes,43235.0,9864499.56,15.52,84.69,46.1,266.9,84.37,Asia-Pacific,Actual,228.16,2025-Q1,24
2025,Q1,Galaxy A55 5G,Mid,Yes,18572.0,7255865.46,15.13,85.19,45.58,260.68,84.7,Asia-Pacific,Actual,390.69,2025-Q1,24
2025,Q1,Galaxy A56 5G,Mid,Yes,16948.0,7246100.32,14.43,84.03,44.56,266.25,81.42,Asia-Pacific,Actual,427.55,2025-Q1,24
2025,Q1,Galaxy S24 5G,Flagship,Yes,14603.0,12156554.18,14.86,83.95,45.31,259.55,82.93,Asia-Pacific,Actual,832.47,2025-Q1,24
2025,Q1,Galaxy S25 5G,Flagship,Yes,15152.0,12799905.06,15.52,84.63,46.12,266.43,82.68,Asia-Pacific,Actual,844.77,2025-Q1,24
2025,Q1,Galaxy Z Flip5 5G,Premium Foldable,Yes,1565.0,2314407.88,15.74,82.57,46.3,261.56,83.23,Asia-Pacific,Actual,1478.85,2025-Q1,24
2025,Q1,Galaxy Z Fold6 5G,Premium Foldable,Yes,10797.0,17473112.61,15.64,83.41,44.74,259.6,83.42,Asia-Pacific,Actual,1618.33,2025-Q1,24
2025,Q1,Galaxy A06 4G,Budget Legacy 4G,No,511.0,66939.98,22.91,71.87,37.3,232.94,79.34,Europe,Actual,131.0,2025-Q1,24
2025,Q1,Galaxy A15 5G,Budget,Yes,20889.0,4372059.14,23.22,72.39,36.3,236.41,80.04,Europe,Actual,209.3,2025-Q1,24
2025,Q1,Galaxy A16 5G,Budget,Yes,26163.0,5578538.23,23.47,89.54,36.42,237.76,78.19,Europe,Actual,213.22,2025-Q1,24
2025,Q1,Galaxy A55 5G,Mid,Yes,18254.0,7133760.67,23.22,73.53,36.68,239.96,78.78,Europe,Actual,390.81,2025-Q1,24
2025,Q1,Galaxy A56 5G,Mid,Yes,16059.0,6752412.01,22.62,75.11,36.31,233.11,75.3,Europe,Actual,420.48,2025-Q1,24
2025,Q1,Galaxy S24 5G,Flagship,Yes,18333.0,16588747.65,24.15,73.42,35.8,233.36,79.09,Europe,Actual,904.86,2025-Q1,24
2025,Q1,Galaxy S25 5G,Flagship,Yes,15071.0,13435311.49,24.26,74.55,36.8,238.67,78.85,Europe,Actual,891.47,2025-Q1,24
2025,Q1,Galaxy Z Flip5 5G,Premium Foldable,Yes,1059.0,1720686.41,22.71,73.05,36.52,235.06,78.71,Europe,Actual,1624.82,2025-Q1,24
2025,Q1,Galaxy Z Fold6 5G,Premium Foldable,Yes,8366.0,13824212.85,23.32,73.15,36.29,234.01,78.57,Europe,Actual,1652.43,2025-Q1,24
2025,Q1,Galaxy A06 4G,Budget Legacy 4G,No,7282.0,1041518.75,24.55,66.27,27.76,183.91,67.95,Latin America,Actual,143.03,2025-Q1,24
2025,Q1,Galaxy A15 5G,Budget,Yes,33624.0,7785217.09,25.44,62.99,27.76,183.81,66.84,Latin America,Actual,231.54,2025-Q1,24
2025,Q1,Galaxy A16 5G,Budget,Yes,52677.0,11881883.98,24.58,64.04,27.76,183.05,67.65,Latin America,Actual,225.56,2025-Q1,24
2025,Q1,Galaxy A55 5G,Mid,Yes,20019.0,8510138.94,25.29,61.88,28.62,181.78,64.72,Latin America,Actual,425.1,2025-Q1,24
2025,Q1,Galaxy A56 5G,Mid,Yes,16345.0,7103856.18,24.36,62.02,27.55,183.76,66.4,Latin America,Actual,434.62,2025-Q1,24
2025,Q1,Galaxy S24 5G,Flagship,Yes,9960.0,7931469.55,26.75,61.76,28.37,182.77,66.9,Latin America,Actual,796.33,2025-Q1,24
2025,Q1,Galaxy S25 5G,Flagship,Yes,11163.0,9784159.77,25.2,64.02,27.52,183.78,64.05,Latin America,Actual,876.48,2025-Q1,24
2025,Q1,Galaxy Z Flip5 5G,Premium Foldable,Yes,486.0,866355.85,25.83,62.8,27.78,186.23,64.86,Latin America,Actual,1782.63,2025-Q1,24
2025,Q1,Galaxy Z Fold6 5G,Premium Foldable,Yes,3662.0,6018158.46,25.51,62.9,27.71,184.32,64.8,Latin America,Actual,1643.41,2025-Q1,24
2025,Q1,Galaxy A06 4G,Budget Legacy 4G,No,7108.0,941649.17,23.77,53.96,21.92,167.06,59.48,Middle East & Africa,Actual,132.48,2025-Q1,24
2025,Q1,Galaxy A15 5G,Budget,Yes,37710.0,8309263.01,24.18,57.33,22.23,166.92,59.75,Middle East & Africa,Actual,220.35,2025-Q1,24
2025,Q1,Galaxy A16 5G,Budget,Yes,49942.0,10665427.74,24.46,54.97,22.6,164.21,60.16,Middle East & Africa,Actual,213.56,2025-Q1,24
2025,Q1,Galaxy A55 5G,Mid,Yes,16001.0,6698888.53,23.28,56.16,21.49,167.53,61.1,Middle East & Africa,Actual,418.65,2025-Q1,24
2025,Q1,Galaxy A56 5G,Mid,Yes,16221.0,6581646.35,23.89,56.29,21.49,162.73,62.97,Middle East & Africa,Actual,405.75,2025-Q1,24
2025,Q1,Galaxy S24 5G,Flagship,Yes,13222.0,12148353.43,23.73,56.49,23.22,168.98,60.16,Middle East & Africa,Actual,918.8,2025-Q1,24
2025,Q1,Galaxy S25 5G,Flagship,Yes,11749.0,10780790.19,24.34,56.98,23.79,171.87,60.16,Middle East & Africa,Actual,917.59,2025-Q1,24
2025,Q1,Galaxy Z Flip5 5G,Premium Foldable,Yes,540.0,899947.65,24.19,56.75,22.97,166.34,59.62,Middle East & Africa,Actual,1666.57,2025-Q1,24
2025,Q1,Galaxy Z Fold6 5G,Premium Foldable,Yes,4129.0,6917771.26,24.32,54.45,23.02,166.51,62.69,Middle East & Africa,Actual,1675.41,2025-Q1,24
2025,Q1,Galaxy A06 4G,Budget Legacy 4G,No,300.0,40194.81,22.69,84.24,41.7,262.86,83.23,North America,Actual,133.98,2025-Q1,24
2025,Q1,Galaxy A15 5G,Budget,Yes,15562.0,3389810.93,22.23,83.32,43.4,267.07,84.55,North America,Actual,217.83,2025-Q1,24
2025,Q1,Galaxy A16 5G,Budget,Yes,20210.0,4177383.03,22.38,83.5,42.95,262.25,83.2,North America,Actual,206.7,2025-Q1,24
2025,Q1,Galaxy A55 5G,Mid,Yes,15350.0,6377498.25,22.79,83.93,41.93,260.64,83.4,North America,Actual,415.47,2025-Q1,24
2025,Q1,Galaxy A56 5G,Mid,Yes,13857.0,5957474.01,22.25,86.77,42.38,259.41,83.96,North America,Actual,429.93,2025-Q1,24
2025,Q1,Galaxy S24 5G,Flagship,Yes,21014.0,18234735.98,22.0,82.85,41.93,265.76,85.62,North America,Actual,867.74,2025-Q1,24
2025,Q1,Galaxy S25 5G,Flagship,Yes,18627.0,14744030.24,22.8,84.27,42.16,259.56,85.65,North America,Actual,791.54,2025-Q1,24
2025,Q1,Galaxy Z Flip5 5G,Premium Foldable,Yes,1366.0,2223324.16,22.43,86.15,42.61,264.19,83.41,North America,Actual,1627.62,2025-Q1,24
2025,Q1,Galaxy Z Fold6 5G,Premium Foldable,Yes,10589.0,16287284.48,22.56,84.78,41.66,261.86,82.62,North America,Actual,1538.13,2025-Q1,24
2025,Q2,Galaxy A06 4G,Budget Legacy 4G,No,3250.0,487909.31,15.03,88.52,48.03,273.41,85.25,Asia-Pacific,Actual,150.13,2025-Q2,25
2025,Q2,Galaxy A15 5G,Budget,Yes,16625.0,3560011.09,15.91,88.81,46.9,273.32,85.69,Asia-Pacific,Actual,214.14,2025-Q2,25
2025,Q2,Galaxy A16 5G,Budget,Yes,52714.0,11127091.73,15.37,85.77,46.33,275.88,85.96,Asia-Pacific,Actual,211.08,2025-Q2,25
2025,Q2,Galaxy A55 5G,Mid,Yes,10537.0,4554449.63,15.82,84.86,48.01,272.93,84.84,Asia-Pacific,Actual,432.23,2025-Q2,25
2025,Q2,Galaxy A56 5G,Mid,Yes,27202.0,11630187.68,15.31,86.56,47.98,277.3,84.74,Asia-Pacific,Actual,427.55,2025-Q2,25
2025,Q2,Galaxy S24 5G,Flagship,Yes,9428.0,8196790.32,15.75,86.04,48.05,270.68,86.36,Asia-Pacific,Actual,869.41,2025-Q2,25
2025,Q2,Galaxy S25 5G,Flagship,Yes,22494.0,19412806.81,15.16,86.54,47.26,273.8,85.04,Asia-Pacific,Actual,863.02,2025-Q2,25
2025,Q2,Galaxy Z Flip5 5G,Premium Foldable,Yes,430.0,714321.92,15.56,87.55,48.39,273.5,86.04,Asia-Pacific,Actual,1661.21,2025-Q2,25
2025,Q2,Galaxy Z Fold6 5G,Premium Foldable,Yes,8667.0,13811119.59,14.72,88.04,47.92,272.59,85.47,Asia-Pacific,Actual,1593.53,2025-Q2,25
2025,Q2,Galaxy A06 4G,Budget Legacy 4G,No,300.0,39201.86,22.42,78.3,37.78,245.19,77.66,Europe,Actual,130.67,2025-Q2,25
2025,Q2,Galaxy A15 5G,Budget,Yes,11069.0,2347030.78,23.51,79.28,38.23,247.43,80.52,Europe,Actual,212.04,2025-Q2,25
2025,Q2,Galaxy A16 5G,Budget,Yes,30134.0,7038322.05,24.16,77.86,38.57,240.91,81.82,Europe,Actual,233.57,2025-Q2,25
2025,Q2,Galaxy A55 5G,Mid,Yes,10169.0,4202211.21,23.73,76.33,37.43,247.51,79.03,Europe,Actual,413.24,2025-Q2,25
2025,Q2,Galaxy A56 5G,Mid,Yes,23899.0,10217912.22,23.54,77.25,38.18,237.65,80.27,Europe,Actual,427.55,2025-Q2,25
2025,Q2,Galaxy S24 5G,Flagship,Yes,9173.0,8218914.19,23.67,76.75,38.33,245.07,79.19,Europe,Actual,895.99,2025-Q2,25
2025,Q2,Galaxy S25 5G,Flagship,Yes,23488.0,20800481.09,22.8,75.66,37.67,239.67,78.87,Europe,Actual,885.58,2025-Q2,25
2025,Q2,Galaxy Z Flip5 5G,Premium Foldable,Yes,344.0,557782.81,23.07,74.82,39.02,238.32,78.79,Europe,Actual,1621.46,2025-Q2,25
2025,Q2,Galaxy Z Fold6 5G,Premium Foldable,Yes,6972.0,11442718.22,23.56,75.05,38.08,243.39,76.99,Europe,Actual,1641.24,2025-Q2,25
2025,Q2,Galaxy A06 4G,Budget Legacy 4G,No,4604.0,702766.64,25.46,63.74,27.95,187.01,68.05,Latin America,Actual,152.64,2025-Q2,25
2025,Q2,Galaxy A15 5G,Budget,Yes,17589.0,3723723.51,24.86,62.21,28.67,194.62,68.69,Latin America,Actual,211.71,2025-Q2,25
2025,Q2,Galaxy A16 5G,Budget,Yes,51207.0,11614227.02,25.25,65.03,28.15,188.53,68.81,Latin America,Actual,226.81,2025-Q2,25
2025,Q2,Galaxy A55 5G,Mid,Yes,10204.0,4501993.65,26.05,63.81,28.15,187.79,68.09,Latin America,Actual,441.2,2025-Q2,25
2025,Q2,Galaxy A56 5G,Mid,Yes,25979.0,11162285.33,25.67,68.88,28.56,191.18,67.4,Latin America,Actual,429.67,2025-Q2,25
2025,Q2,Galaxy S24 5G,Flagship,Yes,6458.0,5268329.55,25.17,64.48,28.84,187.06,66.74,Latin America,Actual,815.78,2025-Q2,25
2025,Q2,Galaxy S25 5G,Flagship,Yes,15649.0,13528586.68,25.06,63.6,28.96,187.49,68.64,Latin America,Actual,864.5,2025-Q2,25
2025,Q2,Galaxy Z Flip5 5G,Premium Foldable,Yes,300.0,501146.05,25.78,64.15,29.62,190.2,66.73,Latin America,Actual,1670.49,2025-Q2,25
2025,Q2,Galaxy Z Fold6 5G,Premium Foldable,Yes,3109.0,5024555.09,27.11,65.19,29.18,188.05,68.01,Latin America,Actual,1616.13,2025-Q2,25
2025,Q2,Galaxy A06 4G,Budget Legacy 4G,No,4185.0,591614.78,25.85,58.62,23.8,173.2,63.12,Middle East & Africa,Actual,141.37,2025-Q2,25
2025,Q2,Galaxy A15 5G,Budget,Yes,19339.0,4352221.33,24.48,59.85,23.33,173.73,60.26,Middle East & Africa,Actual,225.05,2025-Q2,25
2025,Q2,Galaxy A16 5G,Budget,Yes,55775.0,12200214.93,25.09,58.63,23.23,168.43,63.32,Middle East & Africa,Actual,218.74,2025-Q2,25
2025,Q2,Galaxy A55 5G,Mid,Yes,9743.0,4079903.48,23.74,56.7,23.83,172.24,61.91,Middle East & Africa,Actual,418.75,2025-Q2,25
2025,Q2,Galaxy A56 5G,Mid,Yes,24892.0,10330746.26,24.37,57.28,23.77,176.89,62.21,Middle East & Africa,Actual,415.02,2025-Q2,25
2025,Q2,Galaxy S24 5G,Flagship,Yes,6702.0,5850592.92,24.36,57.71,23.37,167.97,61.74,Middle East & Africa,Actual,872.96,2025-Q2,25
2025,Q2,Galaxy S25 5G,Flagship,Yes,17163.0,15291663.71,24.42,59.07,23.62,179.04,61.14,Middle East & Africa,Actual,890.97,2025-Q2,25
2025,Q2,Galaxy Z Flip5 5G,Premium Foldable,Yes,300.0,497006.79,24.3,58.98,23.53,169.41,62.2,Middle East & Africa,Actual,1656.69,2025-Q2,25
2025,Q2,Galaxy Z Fold6 5G,Premium Foldable,Yes,4700.0,7713823.24,25.34,59.91,23.28,165.59,62.06,Middle East & Africa,Actual,1641.24,2025-Q2,25
2025,Q2,Galaxy A06 4G,Budget Legacy 4G,No,300.0,44016.64,22.22,86.98,44.58,268.71,83.7,North America,Actual,146.72,2025-Q2,25
2025,Q2,Galaxy A15 5G,Budget,Yes,7778.0,1595812.67,22.29,87.05,43.6,264.13,84.02,North America,Actual,205.17,2025-Q2,25
2025,Q2,Galaxy A16 5G,Budget,Yes,415880.0,4713713.75,23.01,87.42,44.73,269.44,85.03,North America,Actual,11.33,2025-Q2,25
2025,Q2,Galaxy A55 5G,Mid,Yes,8631.0,3702838.45,22.02,87.02,44.84,273.0,84.94,North America,Actual,429.02,2025-Q2,25
2025,Q2,Galaxy A56 5G,Mid,Yes,20664.0,8669202.93,21.81,84.09,44.31,270.0,84.19,North America,Actual,419.53,2025-Q2,25
2025,Q2,Galaxy S24 5G,Flagship,Yes,11626.0,10226156.61,22.26,86.4,44.05,269.49,86.32,North America,Actual,879.59,2025-Q2,25
2025,Q2,Galaxy S25 5G,Flagship,Yes,25780.0,22425709.88,21.9,88.12,44.69,270.51,85.86,North America,Actual,869.89,2025-Q2,25
2025,Q2,Galaxy Z Flip5 5G,Premium Foldable,Yes,439.0,727411.05,22.55,86.22,43.99,276.97,85.96,North America,Actual,1656.97,2025-Q2,25
2025,Q2,Galaxy Z Fold6 5G,Premium Foldable,Yes,9877.0,14873322.06,22.77,90.02,43.94,271.77,84.86,North America,Actual,1505.85,2025-Q2,25
2025,Q3,Galaxy A06 4G,Budget Legacy 4G,No,1048.0,146341.89,15.88,89.71,49.7,280.82,86.52,Asia-Pacific,Actual,139.64,2025-Q3,26
2025,Q3,Galaxy A07 4G,Budget Legacy 4G,No,3313.0,454221.36,16.29,88.51,48.73,274.14,86.52,Asia-Pacific,Actual,137.1,2025-Q3,26
2025,Q3,Galaxy A15 5G,Budget,Yes,6968.0,1435544.09,15.45,90.7,49.45,280.17,86.39,Asia-Pacific,Actual,206.02,2025-Q3,26
2025,Q3,Galaxy A16 5G,Budget,Yes,36003.0,7875644.24,15.61,91.23,49.17,281.42,86.52,Asia-Pacific,Actual,218.75,2025-Q3,26
2025,Q3,Galaxy A55 5G,Mid,Yes,4050.0,1782673.92,16.67,90.67,49.04,276.17,86.25,Asia-Pacific,Actual,440.17,2025-Q3,26
2025,Q3,Galaxy A56 5G,Mid,Yes,28662.0,12151997.09,16.01,90.74,48.6,280.17,85.65,Asia-Pacific,Actual,423.98,2025-Q3,26
2025,Q3,Galaxy S24 5G,Flagship,Yes,3502.0,2899639.57,15.69,88.96,49.32,281.63,87.68,Asia-Pacific,Actual,828.0,2025-Q3,26
2025,Q3,Galaxy S25 5G,Flagship,Yes,25549.0,22880136.83,15.71,90.88,49.01,280.17,89.09,Asia-Pacific,Actual,895.54,2025-Q3,26
2025,Q3,Galaxy Z Fold6 5G,Premium Foldable,Yes,6904.0,10927531.28,16.22,92.13,47.74,278.47,86.82,Asia-Pacific,Actual,1582.78,2025-Q3,26
2025,Q3,Galaxy A06 4G,Budget Legacy 4G,No,300.0,40834.46,22.39,78.02,39.0,249.17,82.31,Europe,Actual,136.11,2025-Q3,26
2025,Q3,Galaxy A07 4G,Budget Legacy 4G,No,300.0,38375.38,22.87,80.76,39.59,253.15,81.4,Europe,Actual,127.92,2025-Q3,26
2025,Q3,Galaxy A15 5G,Budget,Yes,4177.0,904219.27,23.25,76.54,39.63,249.02,80.83,Europe,Actual,216.48,2025-Q3,26
2025,Q3,Galaxy A16 5G,Budget,Yes,20246.0,4401723.09,23.13,82.94,39.84,245.94,79.96,Europe,Actual,217.41,2025-Q3,26
2025,Q3,Galaxy A55 5G,Mid,Yes,3566.0,1526113.26,23.6,80.07,39.19,246.0,82.25,Europe,Actual,427.96,2025-Q3,26
2025,Q3,Galaxy A56 5G,Mid,Yes,26681.0,11561060.91,23.29,79.74,39.17,243.98,80.64,Europe,Actual,433.31,2025-Q3,26
2025,Q3,Galaxy S24 5G,Flagship,Yes,4063.0,3473252.77,23.1,79.0,39.19,247.6,80.49,Europe,Actual,854.85,2025-Q3,26
2025,Q3,Galaxy S25 5G,Flagship,Yes,29472.0,26246248.84,22.7,79.68,39.89,244.92,80.86,Europe,Actual,890.55,2025-Q3,26
2025,Q3,Galaxy Z Fold6 5G,Premium Foldable,Yes,5412.0,8824227.96,23.2,77.59,39.5,250.1,80.89,Europe,Actual,1630.49,2025-Q3,26
2025,Q3,Galaxy A06 4G,Budget Legacy 4G,No,1759.0,257906.72,24.46,70.31,30.45,196.44,68.78,Latin America,Actual,146.62,2025-Q3,26
2025,Q3,Galaxy A07 4G,Budget Legacy 4G,No,4765.0,643374.48,25.14,67.77,31.02,198.06,70.75,Latin America,Actual,135.02,2025-Q3,26
2025,Q3,Galaxy A15 5G,Budget,Yes,7560.0,1742408.08,24.23,66.67,30.04,201.15,69.28,Latin America,Actual,230.48,2025-Q3,26
2025,Q3,Galaxy A16 5G,Budget,Yes,44724.0,9587104.77,26.59,65.95,30.64,191.5,66.82,Latin America,Actual,214.36,2025-Q3,26
2025,Q3,Galaxy A55 5G,Mid,Yes,4303.0,1845952.19,26.04,67.08,30.65,194.76,66.41,Latin America,Actual,428.99,2025-Q3,26
2025,Q3,Galaxy A56 5G,Mid,Yes,31795.0,13407183.05,24.88,69.81,29.97,199.93,66.89,Latin America,Actual,421.68,2025-Q3,26
2025,Q3,Galaxy S24 5G,Flagship,Yes,2406.0,1820011.85,25.56,65.76,31.1,195.01,68.24,Latin America,Actual,756.45,2025-Q3,26
2025,Q3,Galaxy S25 5G,Flagship,Yes,17742.0,16236540.16,26.03,70.44,29.85,196.33,68.44,Latin America,Actual,915.15,2025-Q3,26
2025,Q3,Galaxy Z Fold6 5G,Premium Foldable,Yes,2051.0,3366719.1,25.23,66.48,29.85,196.55,69.62,Latin America,Actual,1641.5,2025-Q3,26
2025,Q3,Galaxy A06 4G,Budget Legacy 4G,No,1545.0,220612.63,24.94,59.84,24.08,180.31,62.9,Middle East & Africa,Actual,142.79,2025-Q3,26
2025,Q3,Galaxy A07 4G,Budget Legacy 4G,No,4770.0,665671.55,24.37,60.88,24.28,176.85,62.26,Middle East & Africa,Actual,139.55,2025-Q3,26
2025,Q3,Galaxy A15 5G,Budget,Yes,8083.0,1708676.81,23.81,61.04,24.49,180.59,62.46,Middle East & Africa,Actual,211.39,2025-Q3,26
2025,Q3,Galaxy A16 5G,Budget,Yes,41868.0,9014396.18,24.71,62.27,23.02,177.26,64.99,Middle East & Africa,Actual,215.31,2025-Q3,26
2025,Q3,Galaxy A55 5G,Mid,Yes,3921.0,1599008.84,24.13,59.07,25.71,175.5,63.72,Middle East & Africa,Actual,407.81,2025-Q3,26
2025,Q3,Galaxy A56 5G,Mid,Yes,27687.0,12346458.1,24.98,60.14,24.33,182.26,62.1,Middle East & Africa,Actual,445.93,2025-Q3,26
2025,Q3,Galaxy S24 5G,Flagship,Yes,3032.0,2507668.28,23.1,60.64,24.5,179.13,63.81,Middle East & Africa,Actual,827.07,2025-Q3,26
2025,Q3,Galaxy S25 5G,Flagship,Yes,21486.0,18574682.95,23.49,59.57,24.18,181.06,64.58,Middle East & Africa,Actual,864.5,2025-Q3,26
2025,Q3,Galaxy Z Fold6 5G,Premium Foldable,Yes,2337.0,3995060.02,23.56,59.89,23.5,174.41,63.56,Middle East & Africa,Actual,1709.48,2025-Q3,26
2025,Q3,Galaxy A06 4G,Budget Legacy 4G,No,320.0,45276.54,23.71,91.6,45.79,278.07,86.43,North America,Actual,141.49,2025-Q3,26
2025,Q3,Galaxy A07 4G,Budget Legacy 4G,No,300.0,39329.75,22.84,88.37,45.61,276.33,86.43,North America,Actual,131.1,2025-Q3,26
2025,Q3,Galaxy A15 5G,Budget,Yes,3397.0,750821.05,22.33,91.28,46.66,279.98,86.44,North America,Actual,221.02,2025-Q3,26
2025,Q3,Galaxy A16 5G,Budget,Yes,19351.0,4008283.18,22.47,90.0,45.34,278.23,86.43,North America,Actual,207.14,2025-Q3,26
2025,Q3,Galaxy A55 5G,Mid,Yes,3604.0,1571263.92,22.84,88.78,46.52,280.01,86.57,North America,Actual,435.98,2025-Q3,26
2025,Q3,Galaxy A56 5G,Mid,Yes,21896.0,9129690.56,22.74,89.39,45.18,279.72,87.45,North America,Actual,416.96,2025-Q3,26
2025,Q3,Galaxy S24 5G,Flagship,Yes,4638.0,4177519.5,22.69,90.77,45.45,276.38,84.65,North America,Actual,900.72,2025-Q3,26
2025,Q3,Galaxy S25 5G,Flagship,Yes,34104.0,27697330.78,21.66,87.84,45.35,273.1,85.81,North America,Actual,812.14,2025-Q3,26
2025,Q3,Galaxy Z Fold6 5G,Premium Foldable,Yes,5568.0,9737013.01,22.67,88.7,45.76,278.1,86.13,North America,Actual,1748.75,2025-Q3,26
2025,Q4,Galaxy A06 4G,Budget Legacy 4G,No,300.0,45376.62,16.09,91.17,51.32,288.8,88.91,Asia-Pacific,Actual,151.26,2025-Q4,27
2025,Q4,Galaxy A07 4G,Budget Legacy 4G,No,5697.0,795037.9,16.34,92.18,51.34,293.04,86.83,Asia-Pacific,Actual,139.55,2025-Q4,27
2025,Q4,Galaxy A15 5G,Budget,Yes,2303.0,492485.01,16.04,95.8,51.04,288.48,87.19,Asia-Pacific,Actual,213.84,2025-Q4,27
2025,Q4,Galaxy A16 5G,Budget,Yes,22700.0,5083308.04,15.46,93.07,50.8,293.32,89.32,Asia-Pacific,Actual,223.93,2025-Q4,27
2025,Q4,Galaxy A55 5G,Mid,Yes,1251.0,575083.77,15.25,93.23,51.01,288.95,87.96,Asia-Pacific,Actual,459.7,2025-Q4,27
2025,Q4,Galaxy A56 5G,Mid,Yes,24187.0,9762947.64,15.0,94.01,50.94,289.1,87.61,Asia-Pacific,Actual,403.64,2025-Q4,27
2025,Q4,Galaxy S24 5G,Flagship,Yes,1111.0,949737.59,16.16,91.34,50.74,284.08,87.3,Asia-Pacific,Actual,854.85,2025-Q4,27
2025,Q4,Galaxy S25 5G,Flagship,Yes,22915.0,20181332.09,16.52,93.39,51.26,297.43,89.23,Asia-Pacific,Actual,880.7,2025-Q4,27
2025,Q4,Galaxy Z Fold6 5G,Premium Foldable,Yes,3587.0,5779403.9,15.29,96.81,50.56,286.74,87.21,Asia-Pacific,Actual,1611.21,2025-Q4,27
2025,Q4,Galaxy A06 4G,Budget Legacy 4G,No,300.0,46302.29,23.43,82.69,41.57,254.94,82.46,Europe,Actual,154.34,2025-Q4,27
2025,Q4,Galaxy A07 4G,Budget Legacy 4G,No,505.0,69014.24,23.43,79.67,40.83,251.84,82.64,Europe,Actual,136.66,2025-Q4,27
2025,Q4,Galaxy A15 5G,Budget,Yes,1261.0,266242.75,24.18,81.99,41.48,257.11,82.58,Europe,Actual,211.14,2025-Q4,27
2025,Q4,Galaxy A16 5G,Budget,Yes,13657.0,2712820.4,23.88,83.72,41.31,253.23,82.48,Europe,Actual,198.64,2025-Q4,27
2025,Q4,Galaxy A55 5G,Mid,Yes,24580.0,521124.42,24.39,81.72,40.85,258.54,81.4,Europe,Actual,21.2,2025-Q4,27
2025,Q4,Galaxy A56 5G,Mid,Yes,27371.0,11281609.43,23.76,83.58,39.88,262.18,81.72,Europe,Actual,412.17,2025-Q4,27
2025,Q4,Galaxy S24 5G,Flagship,Yes,1263.0,1113253.93,24.57,80.71,40.76,254.21,81.37,Europe,Actual,881.44,2025-Q4,27
2025,Q4,Galaxy S25 5G,Flagship,Yes,28122.0,22982428.93,23.32,82.89,41.07,258.05,80.99,Europe,Actual,817.24,2025-Q4,27
2025,Q4,Galaxy Z Fold6 5G,Premium Foldable,Yes,2540.0,4065307.43,23.24,83.69,39.72,256.5,83.73,Europe,Actual,1600.51,2025-Q4,27
2025,Q4,Galaxy A06 4G,Budget Legacy 4G,No,364.0,48087.73,24.37,69.43,31.44,205.41,70.13,Latin America,Actual,132.11,2025-Q4,27
2025,Q4,Galaxy A07 4G,Budget Legacy 4G,No,9064.0,1264915.49,26.36,68.35,30.17,204.03,71.29,Latin America,Actual,139.55,2025-Q4,27
2025,Q4,Galaxy A15 5G,Budget,Yes,2199.0,483958.1,25.96,70.05,31.17,199.99,71.48,Latin America,Actual,220.08,2025-Q4,27
2025,Q4,Galaxy A16 5G,Budget,Yes,22886.0,4711277.61,25.35,68.19,31.69,199.29,69.44,Latin America,Actual,205.86,2025-Q4,27
2025,Q4,Galaxy A55 5G,Mid,Yes,1470.0,714703.99,25.65,71.84,32.02,198.85,70.67,Latin America,Actual,486.19,2025-Q4,27
2025,Q4,Galaxy A56 5G,Mid,Yes,26765.0,11779641.14,25.2,67.83,30.84,198.88,69.65,Latin America,Actual,440.11,2025-Q4,27
2025,Q4,Galaxy S24 5G,Flagship,Yes,746.0,605287.46,26.89,69.15,30.85,200.33,70.71,Latin America,Actual,811.38,2025-Q4,27
2025,Q4,Galaxy S25 5G,Flagship,Yes,16344.0,14740735.9,24.58,69.03,32.13,206.01,68.76,Latin America,Actual,901.91,2025-Q4,27
2025,Q4,Galaxy Z Fold6 5G,Premium Foldable,Yes,1193.0,2003918.39,24.96,69.26,30.82,200.84,69.45,Latin America,Actual,1679.73,2025-Q4,27
2025,Q4,Galaxy A06 4G,Budget Legacy 4G,No,311.0,47034.86,23.66,63.09,25.6,181.9,63.04,Middle East & Africa,Actual,151.24,2025-Q4,27
2025,Q4,Galaxy A07 4G,Budget Legacy 4G,No,6993.0,1010017.01,23.82,61.01,25.36,183.12,64.18,Middle East & Africa,Actual,144.43,2025-Q4,27
2025,Q4,Galaxy A15 5G,Budget,Yes,2213.0,519330.78,23.46,62.11,25.73,185.58,62.96,Middle East & Africa,Actual,234.67,2025-Q4,27
2025,Q4,Galaxy A16 5G,Budget,Yes,25180.0,5684031.05,24.88,60.98,25.08,181.06,64.73,Middle East & Africa,Actual,225.74,2025-Q4,27
2025,Q4,Galaxy A55 5G,Mid,Yes,1360.0,549077.0,23.68,62.99,24.97,185.16,62.32,Middle East & Africa,Actual,403.73,2025-Q4,27
2025,Q4,Galaxy A56 5G,Mid,Yes,23304.0,10598201.82,24.47,63.07,26.38,180.86,63.3,Middle East & Africa,Actual,454.78,2025-Q4,27
2025,Q4,Galaxy S24 5G,Flagship,Yes,808.0,612008.59,25.36,63.71,25.44,187.55,64.42,Middle East & Africa,Actual,757.44,2025-Q4,27
2025,Q4,Galaxy S25 5G,Flagship,Yes,18607.0,15784054.04,24.43,62.59,24.37,182.57,64.07,Middle East & Africa,Actual,848.29,2025-Q4,27
2025,Q4,Galaxy Z Fold6 5G,Premium Foldable,Yes,1385.0,2321961.57,23.8,64.23,25.53,178.65,63.42,Middle East & Africa,Actual,1676.51,2025-Q4,27
2025,Q4,Galaxy A06 4G,Budget Legacy 4G,No,308.0,43537.37,23.43,94.52,47.22,286.87,89.24,North America,Actual,141.36,2025-Q4,27
2025,Q4,Galaxy A07 4G,Budget Legacy 4G,No,300.0,40631.03,23.86,93.57,47.95,287.03,87.64,North America,Actual,135.44,2025-Q4,27
2025,Q4,Galaxy A15 5G,Budget,Yes,1118.0,263765.0,20.92,94.53,46.84,280.77,87.74,North America,Actual,235.93,2025-Q4,27
2025,Q4,Galaxy A16 5G,Budget,Yes,9378.0,2050108.56,22.66,93.99,46.34,292.17,87.87,North America,Actual,218.61,2025-Q4,27
2025,Q4,Galaxy A55 5G,Mid,Yes,936.0,432732.25,22.65,93.82,47.39,287.09,87.19,North America,Actual,462.32,2025-Q4,27
2025,Q4,Galaxy A56 5G,Mid,Yes,24211.0,10066754.54,23.43,93.96,47.02,286.73,87.74,North America,Actual,415.79,2025-Q4,27
2025,Q4,Galaxy S24 5G,Flagship,Yes,1418.0,1175837.28,22.66,91.79,48.02,281.51,87.61,North America,Actual,829.22,2025-Q4,27
2025,Q4,Galaxy S25 5G,Flagship,Yes,31968.0,28350995.51,22.4,95.77,46.7,285.18,87.98,North America,Actual,886.86,2025-Q4,27
2025,Q4,Galaxy Z Fold6 5G,Premium Foldable,Yes,3116.0,5064026.99,22.99,91.73,45.87,280.61,87.74,North America,Actual,1625.17,2025-Q4,27
2026,Q1,Galaxy A07 4G,Budget Legacy 4G,No,4818.0,680029.49,15.45,93.88,52.64,290.9,89.65,Asia-Pacific,Actual,141.14,2026-Q1,28
2026,Q1,Galaxy A16 5G,Budget,Yes,7934.0,1736900.11,16.48,96.1,52.71,296.69,90.11,Asia-Pacific,Actual,218.92,2026-Q1,28
2026,Q1,Galaxy A56 5G,Mid,Yes,16140.0,6900640.73,15.53,96.2,52.53,301.82,90.87,Asia-Pacific,Actual,427.55,2026-Q1,28
2026,Q1,Galaxy S25 5G,Flagship,Yes,16476.0,13203999.74,16.13,96.31,52.64,295.39,89.64,Asia-Pacific,Actual,801.41,2026-Q1,28
2026,Q1,Galaxy S26 5G,Flagship,Yes,14803.0,11306882.47,16.05,97.44,52.78,295.39,88.89,Asia-Pacific,Actual,763.82,2026-Q1,28
2026,Q1,Galaxy Z Fold6 5G,Premium Foldable,Yes,1606.0,2552200.85,14.24,97.87,51.71,293.5,90.47,Asia-Pacific,Actual,1589.17,2026-Q1,28
2026,Q1,Galaxy A07 4G,Budget Legacy 4G,No,514.0,65001.15,24.09,84.28,42.17,263.57,83.16,Europe,Actual,126.46,2026-Q1,28
2026,Q1,Galaxy A16 5G,Budget,Yes,4554.0,1027412.37,23.54,83.44,42.28,268.91,83.18,Europe,Actual,225.61,2026-Q1,28
2026,Q1,Galaxy A56 5G,Mid,Yes,329940.0,6907813.91,22.77,81.64,41.89,264.72,84.39,Europe,Actual,20.94,2026-Q1,28
2026,Q1,Galaxy S25 5G,Flagship,Yes,16357.0,14627092.72,23.14,86.08,42.52,262.42,86.34,Europe,Actual,894.24,2026-Q1,28
2026,Q1,Galaxy S26 5G,Flagship,Yes,14414.0,12485559.43,24.47,84.93,42.6,267.87,83.09,Europe,Actual,866.21,2026-Q1,28
2026,Q1,Galaxy Z Fold6 5G,Premium Foldable,Yes,1160.0,1907279.91,23.95,84.28,42.22,268.24,82.43,Europe,Actual,1644.21,2026-Q1,28
2026,Q1,Galaxy A07 4G,Budget Legacy 4G,No,7427.0,1070574.62,25.41,73.15,32.26,211.93,71.59,Latin America,Actual,144.15,2026-Q1,28
2026,Q1,Galaxy A16 5G,Budget,Yes,6770.0,1379066.68,24.91,74.2,31.92,206.6,72.75,Latin America,Actual,203.7,2026-Q1,28
2026,Q1,Galaxy A56 5G,Mid,Yes,18500.0,7584525.94,26.08,72.5,32.17,210.97,70.65,Latin America,Actual,409.97,2026-Q1,28
2026,Q1,Galaxy S25 5G,Flagship,Yes,11598.0,9445739.83,24.64,72.98,31.68,207.38,70.53,Latin America,Actual,814.43,2026-Q1,28
2026,Q1,Galaxy S26 5G,Flagship,Yes,9045.0,7856845.36,26.0,73.82,33.04,206.93,71.33,Latin America,Actual,868.64,2026-Q1,28
2026,Q1,Galaxy Z Fold6 5G,Premium Foldable,Yes,473.0,776306.04,23.89,72.22,32.07,205.32,72.46,Latin America,Actual,1641.24,2026-Q1,28
2026,Q1,Galaxy A07 4G,Budget Legacy 4G,No,6793.0,1015359.79,24.46,64.33,25.83,187.04,66.12,Middle East & Africa,Actual,149.47,2026-Q1,28
2026,Q1,Galaxy A16 5G,Budget,Yes,9196.0,2076514.12,23.6,64.96,26.03,184.96,65.27,Middle East & Africa,Actual,225.81,2026-Q1,28
2026,Q1,Galaxy A56 5G,Mid,Yes,14135.0,5808237.56,24.01,64.39,26.04,190.44,65.61,Middle East & Africa,Actual,410.91,2026-Q1,28
2026,Q1,Galaxy S25 5G,Flagship,Yes,12718.0,11637468.79,24.73,64.39,25.74,189.44,65.49,Middle East & Africa,Actual,915.04,2026-Q1,28
2026,Q1,Galaxy S26 5G,Flagship,Yes,10327.0,9403215.55,23.58,66.08,26.49,192.81,65.34,Middle East & Africa,Actual,910.55,2026-Q1,28
2026,Q1,Galaxy Z Fold6 5G,Premium Foldable,Yes,616.0,1004461.15,25.4,63.72,26.95,188.74,66.11,Middle East & Africa,Actual,1630.62,2026-Q1,28
2026,Q1,Galaxy A07 4G,Budget Legacy 4G,No,300.0,40234.96,23.47,95.88,49.85,292.7,90.26,North America,Actual,134.12,2026-Q1,28
2026,Q1,Galaxy A16 5G,Budget,Yes,3919.0,883365.72,21.6,96.0,48.03,291.96,89.56,North America,Actual,225.41,2026-Q1,28
2026,Q1,Galaxy A56 5G,Mid,Yes,14988.0,6393052.11,22.88,96.67,49.78,295.86,89.2,North America,Actual,426.54,2026-Q1,28
2026,Q1,Galaxy S25 5G,Flagship,Yes,18751.0,16217210.33,22.73,95.88,48.94,292.24,88.48,North America,Actual,864.87,2026-Q1,28
2026,Q1,Galaxy S26 5G,Flagship,Yes,16545.0,14346109.83,22.15,95.2,48.66,301.5,89.9,North America,Actual,867.1,2026-Q1,28
2026,Q1,Galaxy Z Fold6 5G,Premium Foldable,Yes,1189.0,1951433.16,22.18,92.88,49.23,293.32,88.85,North America,Actual,1641.24,2026-Q1,28
2026,Q2,Galaxy A07 4G,Budget Legacy 4G,No,3209.0,462505.07,13.81,99.0,54.49,301.46,91.43,Asia-Pacific,Actual,144.13,2026-Q2,29
2026,Q2,Galaxy A16 5G,Budget,Yes,1944.0,411298.89,14.6,98.95,54.77,309.21,90.02,Asia-Pacific,Actual,211.57,2026-Q2,29
2026,Q2,Galaxy A56 5G,Mid,Yes,8521.0,3550076.51,16.22,98.74,53.87,309.46,91.15,Asia-Pacific,Actual,416.63,2026-Q2,29
2026,Q2,Galaxy S25 5G,Flagship,Yes,8565.0,7080986.82,15.27,99.0,53.43,304.05,92.9,Asia-Pacific,Actual,826.74,2026-Q2,29
2026,Q2,Galaxy S26 5G,Flagship,Yes,23661.0,21813661.02,16.67,99.0,54.39,305.58,90.64,Asia-Pacific,Actual,921.92,2026-Q2,29
2026,Q2,Galaxy Z Fold6 5G,Premium Foldable,Yes,497.0,815695.78,15.2,99.0,53.64,308.44,89.53,Asia-Pacific,Actual,1641.24,2026-Q2,29
2026,Q2,Galaxy A07 4G,Budget Legacy 4G,No,300.0,42571.7,23.51,84.91,43.09,270.17,86.67,Europe,Actual,141.91,2026-Q2,29
2026,Q2,Galaxy A16 5G,Budget,Yes,1288.0,277965.34,22.84,86.19,43.18,275.49,84.32,Europe,Actual,215.81,2026-Q2,29
2026,Q2,Galaxy A56 5G,Mid,Yes,8393.0,3588418.69,23.53,87.73,43.25,269.96,84.99,Europe,Actual,427.55,2026-Q2,29
2026,Q2,Galaxy S25 5G,Flagship,Yes,9608.0,8076918.76,24.31,86.82,44.01,272.45,85.45,Europe,Actual,840.65,2026-Q2,29
2026,Q2,Galaxy S26 5G,Flagship,Yes,25838.0,22598030.23,24.41,87.74,43.61,272.38,85.16,Europe,Actual,874.6,2026-Q2,29
2026,Q2,Galaxy Z Fold6 5G,Premium Foldable,Yes,383.0,645908.09,23.98,86.24,42.21,272.81,84.7,Europe,Actual,1686.44,2026-Q2,29
2026,Q2,Galaxy A07 4G,Budget Legacy 4G,No,5117.0,712303.35,25.42,75.36,33.33,211.77,71.36,Latin America,Actual,139.2,2026-Q2,29
2026,Q2,Galaxy A16 5G,Budget,Yes,2101.0,451057.76,24.69,74.5,33.89,210.38,73.3,Latin America,Actual,214.69,2026-Q2,29
2026,Q2,Galaxy A56 5G,Mid,Yes,9729.0,4348532.33,26.86,73.84,33.64,213.81,72.28,Latin America,Actual,446.97,2026-Q2,29
2026,Q2,Galaxy S25 5G,Flagship,Yes,5508.0,4500841.48,25.49,74.5,33.64,214.77,71.22,Latin America,Actual,817.15,2026-Q2,29
2026,Q2,Galaxy S26 5G,Flagship,Yes,16261.0,14302803.46,25.73,76.55,33.89,211.94,73.96,Latin America,Actual,879.58,2026-Q2,29
2026,Q2,Galaxy Z Fold6 5G,Premium Foldable,Yes,300.0,495027.47,26.19,72.8,32.61,220.69,73.94,Latin America,Actual,1650.09,2026-Q2,29
2026,Q2,Galaxy A07 4G,Budget Legacy 4G,No,4414.0,660432.74,25.1,66.95,27.0,193.76,66.32,Middle East & Africa,Actual,149.62,2026-Q2,29
2026,Q2,Galaxy A16 5G,Budget,Yes,1995.0,398747.63,24.77,66.1,27.18,193.56,66.84,Middle East & Africa,Actual,199.87,2026-Q2,29
2026,Q2,Galaxy A56 5G,Mid,Yes,6856.0,2961756.13,22.99,64.04,26.16,197.79,66.3,Middle East & Africa,Actual,431.99,2026-Q2,29
2026,Q2,Galaxy S25 5G,Flagship,Yes,6754.0,5291783.04,23.93,67.77,26.55,194.02,67.25,Middle East & Africa,Actual,783.5,2026-Q2,29
2026,Q2,Galaxy S26 5G,Flagship,Yes,19662.0,16781591.23,24.14,65.67,26.05,186.48,67.08,Middle East & Africa,Actual,853.5,2026-Q2,29
2026,Q2,Galaxy Z Fold6 5G,Premium Foldable,Yes,300.0,458004.79,23.52,67.49,27.8,192.7,67.63,Middle East & Africa,Actual,1526.68,2026-Q2,29
2026,Q2,Galaxy A07 4G,Budget Legacy 4G,No,300.0,43386.97,21.15,99.0,50.84,304.06,89.86,North America,Actual,144.62,2026-Q2,29
2026,Q2,Galaxy A16 5G,Budget,Yes,884.0,188459.65,22.46,95.6,50.98,301.18,90.94,North America,Actual,213.19,2026-Q2,29
2026,Q2,Galaxy A56 5G,Mid,Yes,7984.0,3657323.19,22.45,97.14,50.39,303.47,89.86,North America,Actual,458.08,2026-Q2,29
2026,Q2,Galaxy S25 5G,Flagship,Yes,10468.0,8917298.99,23.86,98.34,51.05,298.56,89.8,North America,Actual,851.86,2026-Q2,29
2026,Q2,Galaxy S26 5G,Flagship,Yes,31518.0,27565783.61,22.83,95.06,50.36,300.96,90.94,North America,Actual,874.6,2026-Q2,29
2026,Q2,Galaxy Z Fold6 5G,Premium Foldable,Yes,424.0,740911.03,23.13,98.4,50.8,299.42,88.85,North America,Actual,1747.43,2026-Q2,29
2026,Q3,Galaxy A07 4G,Budget Legacy 4G,No,1144.0,157285.46,16.02,99.0,55.57,313.76,92.04,Asia-Pacific,Forecast,137.49,2026-Q3,30
2026,Q3,Galaxy A56 5G,Mid,Yes,3769.0,1622084.67,15.95,99.0,56.07,312.09,92.01,Asia-Pacific,Forecast,430.38,2026-Q3,30
2026,Q3,Galaxy S25 5G,Flagship,Yes,3313.0,2975994.3,15.89,99.0,56.95,310.4,91.75,Asia-Pacific,Forecast,898.28,2026-Q3,30
2026,Q3,Galaxy S26 5G,Flagship,Yes,10621.0,9550036.09,15.58,99.0,56.35,316.17,92.18,Asia-Pacific,Forecast,899.17,2026-Q3,30
2026,Q3,Galaxy A07 4G,Budget Legacy 4G,No,300.0,42625.54,22.58,90.19,45.59,279.75,87.03,Europe,Forecast,142.09,2026-Q3,30
2026,Q3,Galaxy A56 5G,Mid,Yes,3131.0,1157746.49,23.83,90.67,45.19,278.55,87.03,Europe,Forecast,369.77,2026-Q3,30
2026,Q3,Galaxy S25 5G,Flagship,Yes,4041.0,3600436.54,24.0,89.68,45.95,276.37,86.84,Europe,Forecast,890.98,2026-Q3,30
2026,Q3,Galaxy S26 5G,Flagship,Yes,11678.0,10277309.54,24.64,89.64,45.88,279.42,88.35,Europe,Forecast,880.06,2026-Q3,30
2026,Q3,Galaxy A07 4G,Budget Legacy 4G,No,1635.0,238207.99,25.77,76.87,34.58,215.56,75.78,Latin America,Forecast,145.69,2026-Q3,30
2026,Q3,Galaxy A56 5G,Mid,Yes,4458.0,1911652.0,26.01,76.99,34.81,215.88,75.18,Latin America,Forecast,428.81,2026-Q3,30
2026,Q3,Galaxy S25 5G,Flagship,Yes,2493.0,2242709.37,25.32,74.92,34.05,219.82,75.95,Latin America,Forecast,899.6,2026-Q3,30
2026,Q3,Galaxy S26 5G,Flagship,Yes,6755.0,6356980.54,26.39,76.77,34.42,223.87,74.22,Latin America,Forecast,941.08,2026-Q3,30
2026,Q3,Galaxy A07 4G,Budget Legacy 4G,No,1390.0,205835.17,23.99,66.91,28.89,200.84,68.16,Middle East & Africa,Forecast,148.08,2026-Q3,30
2026,Q3,Galaxy A56 5G,Mid,Yes,3710.0,1436424.0,24.67,69.01,27.63,204.07,66.43,Middle East & Africa,Forecast,387.18,2026-Q3,30
2026,Q3,Galaxy S25 5G,Flagship,Yes,2955.0,2171079.77,24.49,70.53,27.6,196.77,69.08,Middle East & Africa,Forecast,734.71,2026-Q3,30
2026,Q3,Galaxy S26 5G,Flagship,Yes,8657.0,6698736.85,24.22,69.19,27.4,198.17,69.16,Middle East & Africa,Forecast,773.79,2026-Q3,30
2026,Q3,Galaxy A07 4G,Budget Legacy 4G,No,300.0,41405.38,23.24,99.0,50.76,312.06,91.72,North America,Forecast,138.02,2026-Q3,30
2026,Q3,Galaxy A56 5G,Mid,Yes,3405.0,1297148.12,21.09,99.0,51.68,309.23,90.87,North America,Forecast,380.95,2026-Q3,30
2026,Q3,Galaxy S25 5G,Flagship,Yes,4380.0,3786517.33,22.71,99.0,52.08,307.35,92.44,North America,Forecast,864.5,2026-Q3,30
2026,Q3,Galaxy S26 5G,Flagship,Yes,14899.0,13098080.82,23.04,99.0,51.94,305.79,91.72,North America,Forecast,879.12,2026-Q3,30
2026,Q4,Galaxy A07 4G,Budget Legacy 4G,No,300.0,40758.07,17.28,99.0,57.71,320.0,93.31,Asia-Pacific,Forecast,135.86,2026-Q4,31
2026,Q4,Galaxy A56 5G,Mid,Yes,1092.0,479096.89,15.15,99.0,57.71,320.0,94.25,Asia-Pacific,Forecast,438.73,2026-Q4,31
2026,Q4,Galaxy S25 5G,Flagship,Yes,1058.0,849966.94,15.77,99.0,57.49,320.0,94.12,Asia-Pacific,Forecast,803.37,2026-Q4,31
2026,Q4,Galaxy S26 5G,Flagship,Yes,1109.0,1010103.78,15.69,99.0,58.66,318.87,94.33,Asia-Pacific,Forecast,910.82,2026-Q4,31
2026,Q4,Galaxy A07 4G,Budget Legacy 4G,No,300.0,39817.87,23.85,91.26,46.5,287.35,88.44,Europe,Forecast,132.73,2026-Q4,31
2026,Q4,Galaxy A56 5G,Mid,Yes,1158.0,511539.91,23.83,93.89,45.75,288.13,88.71,Europe,Forecast,441.74,2026-Q4,31
2026,Q4,Galaxy S25 5G,Flagship,Yes,1135.0,981209.4,23.46,93.78,45.62,286.07,88.63,Europe,Forecast,864.5,2026-Q4,31
2026,Q4,Galaxy S26 5G,Flagship,Yes,1358.0,1079877.63,22.76,94.19,45.34,285.68,88.0,Europe,Forecast,795.2,2026-Q4,31
2026,Q4,Galaxy A07 4G,Budget Legacy 4G,No,346.0,49112.23,26.56,79.59,36.37,224.12,76.03,Latin America,Forecast,141.94,2026-Q4,31
2026,Q4,Galaxy A56 5G,Mid,Yes,1229.0,535782.32,25.05,81.01,36.2,223.34,75.21,Latin America,Forecast,435.95,2026-Q4,31
2026,Q4,Galaxy S25 5G,Flagship,Yes,769.0,650803.85,25.56,77.86,36.32,230.11,75.03,Latin America,Forecast,846.3,2026-Q4,31
2026,Q4,Galaxy S26 5G,Flagship,Yes,727.0,623752.56,25.59,80.4,34.58,225.82,75.72,Latin America,Forecast,857.98,2026-Q4,31
2026,Q4,Galaxy A07 4G,Budget Legacy 4G,No,327.0,45641.19,23.99,69.9,28.39,204.17,69.89,Middle East & Africa,Forecast,139.58,2026-Q4,31
2026,Q4,Galaxy A56 5G,Mid,Yes,1050.0,461493.49,24.37,71.03,27.7,206.37,69.88,Middle East & Africa,Forecast,439.52,2026-Q4,31
2026,Q4,Galaxy S25 5G,Flagship,Yes,932.0,767180.28,25.68,71.03,28.16,201.22,68.87,Middle East & Africa,Forecast,823.15,2026-Q4,31
2026,Q4,Galaxy S26 5G,Flagship,Yes,1016.0,896739.76,24.08,71.34,28.16,208.39,69.88,Middle East & Africa,Forecast,882.62,2026-Q4,31
2026,Q4,Galaxy A07 4G,Budget Legacy 4G,No,300.0,48547.13,23.79,99.0,52.24,320.0,91.66,North America,Forecast,161.82,2026-Q4,31
2026,Q4,Galaxy A56 5G,Mid,Yes,1183.0,509107.26,22.51,99.0,53.7,313.37,93.43,North America,Forecast,430.35,2026-Q4,31
2026,Q4,Galaxy S25 5G,Flagship,Yes,1444.0,1223516.88,24.24,99.0,53.36,320.0,92.24,North America,Forecast,847.31,2026-Q4,31
2026,Q4,Galaxy S26 5G,Flagship,Yes,1578.0,1299567.45,22.7,99.0,52.89,317.35,93.67,North America,Forecast,823.55,2026-Q4,31
